pass name,time,block_duplicate_reload,block_duplicate_spill,num_instructions,reload,spill
,s,,,,,
ocaml/stdlib/camlinternalAtomic.ml/generate/compile_phrases/regalloc/cfg/cfg_irc,,0,0,63,0,0
ocaml/stdlib/camlinternalFormatBasics.ml/generate/compile_phrases/regalloc/cfg/cfg_irc,0.002,0,0,619,22,22
ocaml/stdlib/stdlib.pp.ml/generate/compile_phrases/regalloc/cfg/cfg_irc,0.011,0,0,2053,94,85
ocaml/stdlib/mutex.ml/generate/compile_phrases/regalloc/cfg/cfg_irc,,0,0,56,6,5
ocaml/stdlib/atomic.ml/generate/compile_phrases/regalloc/cfg/cfg_irc,0.001,0,0,68,0,0
ocaml/stdlib/std_exit.ml/generate/compile_phrases/regalloc/cfg/cfg_irc,,0,0,18,0,0
ocaml/stdlib/unit.ml/generate/compile_phrases/regalloc/cfg/cfg_irc,,0,0,8,0,0
ocaml/stdlib/bool.ml/generate/compile_phrases/regalloc/cfg/cfg_irc,,0,0,56,0,0
ocaml/stdlib/camlinternalComprehension.ml/generate/compile_phrases/regalloc/cfg/cfg_irc,0.001,0,0,111,8,8
ocaml/stdlib/either.ml/generate/compile_phrases/regalloc/cfg/cfg_irc,0.001,0,0,156,0,0
ocaml/stdlib/int.ml/generate/compile_phrases/regalloc/cfg/cfg_irc,,0,0,67,0,0
ocaml/stdlib/condition.ml/generate/compile_phrases/regalloc/cfg/cfg_irc,,0,0,28,0,0
ocaml/stdlib/char.ml/generate/compile_phrases/regalloc/cfg/cfg_irc,0.001,0,0,169,2,2
ocaml/stdlib/sys.ml/generate/compile_phrases/regalloc/cfg/cfg_irc,0.001,0,0,96,4,4
ocaml/stdlib/int64.ml/generate/compile_phrases/regalloc/cfg/cfg_irc,0.001,0,0,301,1,1
ocaml/stdlib/semaphore.ml/generate/compile_phrases/regalloc/cfg/cfg_irc,0.001,0,0,170,16,12
ocaml/stdlib/uchar.ml/generate/compile_phrases/regalloc/cfg/cfg_irc,0.002,0,0,280,6,6
ocaml/stdlib/int32.ml/generate/compile_phrases/regalloc/cfg/cfg_irc,0.001,0,0,315,1,1
ocaml/stdlib/nativeint.ml/generate/compile_phrases/regalloc/cfg/cfg_irc,0.002,0,0,301,1,1
ocaml/stdlib/obj.ml/generate/compile_phrases/regalloc/cfg/cfg_irc,0.002,0,0,517,0,0
ocaml/stdlib/callback.ml/generate/compile_phrases/regalloc/cfg/cfg_irc,0.002,0,0,34,0,0
ocaml/stdlib/type.ml/generate/compile_phrases/regalloc/cfg/cfg_irc,,0,0,42,0,0
ocaml/stdlib/camlinternalLazy.ml/generate/compile_phrases/regalloc/cfg/cfg_irc,0.001,0,0,153,5,7
ocaml/stdlib/lazy.ml/generate/compile_phrases/regalloc/cfg/cfg_irc,0.001,0,0,198,4,4
ocaml/stdlib/seq.ml/generate/compile_phrases/regalloc/cfg/cfg_irc,0.015,0,0,3318,160,137
ocaml/stdlib/option.ml/generate/compile_phrases/regalloc/cfg/cfg_irc,0.001,0,0,151,0,0
ocaml/stdlib/result.ml/generate/compile_phrases/regalloc/cfg/cfg_irc,0.001,0,0,211,0,0
ocaml/stdlib/queue.ml/generate/compile_phrases/regalloc/cfg/cfg_irc,0.004,0,0,445,6,6
ocaml/stdlib/list.ml/generate/compile_phrases/regalloc/cfg/cfg_irc,0.027,0,0,4439,374,283
ocaml/stdlib/array.ml/generate/compile_phrases/regalloc/cfg/cfg_irc,0.043,9,4,4119,417,370
ocaml/stdlib/listLabels.ml/generate/compile_phrases/regalloc/cfg/cfg_irc,,0,0,2,0,0
ocaml/stdlib/stack.ml/generate/compile_phrases/regalloc/cfg/cfg_irc,0.001,0,0,256,6,6
ocaml/stdlib/arrayLabels.ml/generate/compile_phrases/regalloc/cfg/cfg_irc,,0,0,2,0,0
ocaml/stdlib/bytes.ml/generate/compile_phrases/regalloc/cfg/cfg_irc,0.028,0,0,5667,117,108
ocaml/stdlib/bytesLabels.ml/generate/compile_phrases/regalloc/cfg/cfg_irc,,0,0,6,0,0
ocaml/stdlib/domain.ml/generate/compile_phrases/regalloc/cfg/cfg_irc,0.003,0,0,485,25,25
ocaml/stdlib/string.ml/generate/compile_phrases/regalloc/cfg/cfg_irc,0.011,0,0,2392,78,72
ocaml/stdlib/map.ml/generate/compile_phrases/regalloc/cfg/cfg_irc,0.022,30,0,3930,383,254
ocaml/stdlib/set.ml/generate/compile_phrases/regalloc/cfg/cfg_irc,0.024,74,0,3871,392,254
ocaml/stdlib/stringLabels.ml/generate/compile_phrases/regalloc/cfg/cfg_irc,,0,0,2,0,0
ocaml/stdlib/stdLabels.ml/generate/compile_phrases/regalloc/cfg/cfg_irc,0.001,0,0,2,0,0
ocaml/stdlib/marshal.ml/generate/compile_phrases/regalloc/cfg/cfg_irc,0.001,0,0,247,4,4
ocaml/stdlib/float.ml/generate/compile_phrases/regalloc/cfg/cfg_irc,0.029,0,0,3459,271,240
ocaml/stdlib/digest.ml/generate/compile_phrases/regalloc/cfg/cfg_irc,0.003,0,0,454,16,13
ocaml/stdlib/lexing.ml/generate/compile_phrases/regalloc/cfg/cfg_irc,0.010,0,0,1042,31,28
ocaml/stdlib/complex.ml/generate/compile_phrases/regalloc/cfg/cfg_irc,0.005,4,1,478,25,15
ocaml/stdlib/parsing.ml/generate/compile_phrases/regalloc/cfg/cfg_irc,0.007,0,0,983,46,27
ocaml/stdlib/buffer.ml/generate/compile_phrases/regalloc/cfg/cfg_irc,0.017,0,0,2870,128,120
ocaml/stdlib/bigarray.ml/generate/compile_phrases/regalloc/cfg/cfg_irc,0.023,3,1,1808,196,156
ocaml/stdlib/camlinternalOO.ml/generate/compile_phrases/regalloc/cfg/cfg_irc,0.044,6,0,7519,756,533
ocaml/stdlib/random.ml/generate/compile_phrases/regalloc/cfg/cfg_irc,0.011,0,0,1936,67,53
ocaml/stdlib/oo.ml/generate/compile_phrases/regalloc/cfg/cfg_irc,,0,0,2,0,0
ocaml/stdlib/camlinternalMod.ml/generate/compile_phrases/regalloc/cfg/cfg_irc,0.005,0,0,458,25,22
ocaml/stdlib/hashtbl.ml/generate/compile_phrases/regalloc/cfg/cfg_irc,0.032,0,0,4647,346,288
ocaml/stdlib/moreLabels.ml/generate/compile_phrases/regalloc/cfg/cfg_irc,,0,0,2,0,0
ocaml/stdlib/weak.ml/generate/compile_phrases/regalloc/cfg/cfg_irc,0.024,0,0,3310,177,146
ocaml/stdlib/ephemeron.ml/generate/compile_phrases/regalloc/cfg/cfg_irc,0.034,5,0,5185,376,319
ocaml/stdlib/camlinternalFormat.ml/generate/compile_phrases/regalloc/cfg/cfg_irc,0.311,27,4,24020,1879,1240
ocaml/stdlib/printf.ml/generate/compile_phrases/regalloc/cfg/cfg_irc,0.004,0,0,338,11,11
ocaml/stdlib/printexc.ml/generate/compile_phrases/regalloc/cfg/cfg_irc,0.014,0,0,2347,176,142
ocaml/stdlib/fun.ml/generate/compile_phrases/regalloc/cfg/cfg_irc,0.001,0,0,223,17,14
ocaml/stdlib/effect.ml/generate/compile_phrases/regalloc/cfg/cfg_irc,0.002,0,0,393,10,10
ocaml/stdlib/out_channel.ml/generate/compile_phrases/regalloc/cfg/cfg_irc,0.001,0,0,140,7,6
ocaml/stdlib/arg.ml/generate/compile_phrases/regalloc/cfg/cfg_irc,0.046,4,0,4762,362,316
ocaml/stdlib/in_channel.ml/generate/compile_phrases/regalloc/cfg/cfg_irc,0.005,0,0,864,70,57
ocaml/stdlib/gc.ml/generate/compile_phrases/regalloc/cfg/cfg_irc,0.004,0,0,761,47,5
ocaml/stdlib/filename.ml/generate/compile_phrases/regalloc/cfg/cfg_irc,0.043,3,0,5036,340,291
ocaml/stdlib/format.ml/generate/compile_phrases/regalloc/cfg/cfg_irc,0.065,5,0,10687,430,352
ocaml/stdlib/scanf.ml/generate/compile_phrases/regalloc/cfg/cfg_irc,0.132,0,0,11746,1034,706
external/gc-timings/gc_timings.ml/generate/compile_phrases/regalloc/cfg/cfg_irc,,0,0,20,0,0
backend/asm_targets/asm_targets.ml-gen/generate/compile_phrases/regalloc/cfg/cfg_irc,,0,0,2,0,0
external/owee/compiler_owee.ml-gen/generate/compile_phrases/regalloc/cfg/cfg_irc,,0,0,2,0,0
external/owee/unix_intf.ml/generate/compile_phrases/regalloc/cfg/cfg_irc,,0,0,2,0,0
external/owee/owee_linux_maps.ml/generate/compile_phrases/regalloc/cfg/cfg_irc,0.001,0,0,242,24,23
backend/debug/dwarf/dwarf_high/dwarf_high.ml-gen/generate/compile_phrases/regalloc/cfg/cfg_irc,,0,0,2,0,0
external/owee/owee_interval_map.ml/generate/compile_phrases/regalloc/cfg/cfg_irc,0.005,0,0,892,77,61
backend/debug/dwarf/dwarf_low/dwarf_low.ml-gen/generate/compile_phrases/regalloc/cfg/cfg_irc,,0,0,2,0,0
external/owee/owee_buf.ml/generate/compile_phrases/regalloc/cfg/cfg_irc,0.005,0,0,859,31,26
external/owee/owee_form.ml/generate/compile_phrases/regalloc/cfg/cfg_irc,0.002,0,0,335,7,7
external/owee/owee_marker.ml/generate/compile_phrases/regalloc/cfg/cfg_irc,0.004,0,0,966,41,31
external/owee/owee_traverse.ml/generate/compile_phrases/regalloc/cfg/cfg_irc,0.010,0,0,1473,128,106
external/owee/owee_debug_line.ml/generate/compile_phrases/regalloc/cfg/cfg_irc,0.016,0,0,1819,190,113
external/owee/owee_elf_notes.ml/generate/compile_phrases/regalloc/cfg/cfg_irc,0.008,0,0,1004,134,78
external/owee/owee_elf.ml/generate/compile_phrases/regalloc/cfg/cfg_irc,0.014,0,0,2001,232,90
external/owee/owee_location.ml/generate/compile_phrases/regalloc/cfg/cfg_irc,0.018,0,0,1663,105,84
external/owee/owee_graph.ml/generate/compile_phrases/regalloc/cfg/cfg_irc,0.021,0,0,2946,314,224
external/owee/owee_macho.ml/generate/compile_phrases/regalloc/cfg/cfg_irc,0.023,0,0,3794,345,207
tools/gen_compiler_libs_installation.ml/generate/compile_phrases/regalloc/cfg/cfg_irc,0.015,0,0,610,32,33
ocaml/tools/make_opcodes.ml/generate/compile_phrases/regalloc/cfg/cfg_irc,0.007,0,0,443,30,28
ocaml/tools/cvt_emit.ml/generate/compile_phrases/regalloc/cfg/cfg_irc,0.006,0,0,990,41,38
ocaml/tools/make_opcodes.exe/regalloc/cfg/cfg_irc,0.016,0,0,3183,94,89
tools/gen_compiler_libs_installation.exe/regalloc/cfg/cfg_irc,0.015,0,0,3183,94,89
ocaml/tools/cvt_emit.exe/regalloc/cfg/cfg_irc,0.015,0,0,3183,94,89
backend/debug/dwarf/dwarf_flags/dwarf_flags.ml/generate/compile_phrases/regalloc/cfg/cfg_irc,0.002,0,0,414,12,12
backend/debug/dwarf/dwarf_low/dwarf_arch_sizes.ml/generate/compile_phrases/regalloc/cfg/cfg_irc,,0,0,2,0,0
backend/debug/dwarf/dwarf_low/dwarf_format.ml/generate/compile_phrases/regalloc/cfg/cfg_irc,,0,0,37,0,0
backend/debug/dwarf/dwarf_low/dwarf_emittable.ml/generate/compile_phrases/regalloc/cfg/cfg_irc,,0,0,2,0,0
backend/debug/dwarf/dwarf_low/child_determination.ml/generate/compile_phrases/regalloc/cfg/cfg_irc,,0,0,53,2,2
backend/debug/dwarf/dwarf_low/initial_length.ml/generate/compile_phrases/regalloc/cfg/cfg_irc,,0,0,58,5,2
backend/debug/dwarf/dwarf_low/dwarf_version.ml/generate/compile_phrases/regalloc/cfg/cfg_irc,,0,0,79,1,1
backend/debug/dwarf/dwarf_low/unit_type.ml/generate/compile_phrases/regalloc/cfg/cfg_irc,,0,0,51,1,1
backend/debug/dwarf/dwarf_low/encoding_attribute.ml/generate/compile_phrases/regalloc/cfg/cfg_irc,,0,0,39,1,1
backend/debug/dwarf/dwarf_low/aranges_table.ml/generate/compile_phrases/regalloc/cfg/cfg_irc,0.001,0,0,266,22,18
backend/debug/dwarf/dwarf_low/dwarf_language.ml/generate/compile_phrases/regalloc/cfg/cfg_irc,,0,0,33,2,2
backend/debug/dwarf/dwarf_low/inline_code.ml/generate/compile_phrases/regalloc/cfg/cfg_irc,,0,0,35,1,1
backend/debug/dwarf/dwarf_low/simple_location_description.ml/generate/compile_phrases/regalloc/cfg/cfg_irc,,0,0,66,5,5
backend/debug/dwarf/dwarf_low/abbreviation_code.ml/generate/compile_phrases/regalloc/cfg/cfg_irc,0.001,0,0,130,5,5
backend/debug/dwarf/dwarf_low/dwarf_4/dwarf_4_range_list.ml/generate/compile_phrases/regalloc/cfg/cfg_irc,0.004,0,0,189,20,12
backend/debug/dwarf/dwarf_low/dwarf_int.ml/generate/compile_phrases/regalloc/cfg/cfg_irc,0.002,0,0,494,11,11
backend/debug/dwarf/dwarf_low/dwarf_4/dwarf_4_range_list_entry.ml/generate/compile_phrases/regalloc/cfg/cfg_irc,0.002,0,0,324,21,16
backend/debug/dwarf/dwarf_low/composite_location_description.ml/generate/compile_phrases/regalloc/cfg/cfg_irc,0.001,0,0,109,9,8
backend/debug/dwarf/dwarf_low/range_list_entry.ml/generate/compile_phrases/regalloc/cfg/cfg_irc,,0,0,37,0,0
backend/debug/dwarf/dwarf_low/single_location_description.ml/generate/compile_phrases/regalloc/cfg/cfg_irc,,0,0,45,0,0
backend/debug/dwarf/dwarf_low/range_list.ml/generate/compile_phrases/regalloc/cfg/cfg_irc,,0,0,26,0,0
backend/debug/dwarf/dwarf_low/location_or_range_list.ml/generate/compile_phrases/regalloc/cfg/cfg_irc,0.001,0,0,152,12,8
backend/debug/dwarf/dwarf_low/location_or_range_list_table.ml/generate/compile_phrases/regalloc/cfg/cfg_irc,0.006,0,0,834,63,38
backend/debug/dwarf/dwarf_low/counted_location_description.ml/generate/compile_phrases/regalloc/cfg/cfg_irc,0.002,0,0,80,5,4
backend/debug/dwarf/dwarf_low/abbreviations_table_entry.ml/generate/compile_phrases/regalloc/cfg/cfg_irc,0.002,0,0,248,23,10
backend/debug/dwarf/dwarf_low/range_list_table.ml/generate/compile_phrases/regalloc/cfg/cfg_irc,,0,0,41,0,0
backend/debug/dwarf/dwarf_low/address_index.ml/generate/compile_phrases/regalloc/cfg/cfg_irc,0.001,0,0,235,5,5
backend/debug/dwarf/dwarf_low/location_list_entry.ml/generate/compile_phrases/regalloc/cfg/cfg_irc,,0,0,38,0,0
backend/debug/dwarf/dwarf_low/address_table.ml/generate/compile_phrases/regalloc/cfg/cfg_irc,0.003,0,0,483,29,17
backend/debug/dwarf/dwarf_low/location_or_range_list_entry.ml/generate/compile_phrases/regalloc/cfg/cfg_irc,0.005,0,0,729,71,31
backend/debug/dwarf/dwarf_low/dwarf_4/debug_ranges_table.ml/generate/compile_phrases/regalloc/cfg/cfg_irc,0.001,0,0,122,9,8
backend/debug/dwarf/dwarf_low/location_list.ml/generate/compile_phrases/regalloc/cfg/cfg_irc,,0,0,26,0,0
backend/debug/dwarf/dwarf_low/dwarf_tag.ml/generate/compile_phrases/regalloc/cfg/cfg_irc,0.003,0,0,538,21,18
flambda_backend_flags.ml/generate/compile_phrases/regalloc/cfg/cfg_irc,0.041,159,0,1952,574,375
backend/debug/dwarf/dwarf_low/dwarf_4/dwarf_4_location_list.ml/generate/compile_phrases/regalloc/cfg/cfg_irc,0.004,0,0,189,20,12
backend/debug/dwarf/dwarf_low/debugging_information_entry.ml/generate/compile_phrases/regalloc/cfg/cfg_irc,0.001,0,0,230,11,5
backend/debug/dwarf/dwarf_low/location_list_table.ml/generate/compile_phrases/regalloc/cfg/cfg_irc,,0,0,41,0,0
backend/debug/dwarf/dwarf_low/abbreviations_table.ml/generate/compile_phrases/regalloc/cfg/cfg_irc,0.005,0,0,345,21,15
backend/debug/dwarf/dwarf_low/dwarf_4/debug_loc_table.ml/generate/compile_phrases/regalloc/cfg/cfg_irc,0.001,0,0,138,7,7
backend/debug/dwarf/dwarf_low/dwarf_4/dwarf_4_location_list_entry.ml/generate/compile_phrases/regalloc/cfg/cfg_irc,0.003,0,0,480,38,24
backend/debug/dwarf/dwarf_low/debug_info_section.ml/generate/compile_phrases/regalloc/cfg/cfg_irc,0.002,0,0,429,44,20
backend/debug/dwarf/dwarf_low/dwarf_attribute_values.ml/generate/compile_phrases/regalloc/cfg/cfg_irc,0.003,0,0,759,12,10
backend/debug/dwarf/dwarf_high/assign_abbrevs.ml/generate/compile_phrases/regalloc/cfg/cfg_irc,0.002,0,0,297,33,21
backend/debug/dwarf/dwarf_high/dwarf_world.ml/generate/compile_phrases/regalloc/cfg/cfg_irc,0.002,0,0,334,29,10
backend/debug/dwarf/dwarf_high/proto_die.ml/generate/compile_phrases/regalloc/cfg/cfg_irc,0.003,0,0,477,45,33
backend/debug/dwarf/dwarf_high/simple_location_description_lang.ml/generate/compile_phrases/regalloc/cfg/cfg_irc,0.003,0,0,480,12,12
backend/debug/dwarf/dwarf_low/dwarf_value.ml/generate/compile_phrases/regalloc/cfg/cfg_irc,0.011,0,0,2131,54,50
backend/debug/dwarf/dwarf_high/operator_builder.ml/generate/compile_phrases/regalloc/cfg/cfg_irc,0.002,0,0,645,26,19
backend/debug/dwarf/dwarf_low/dwarf_attributes.ml/generate/compile_phrases/regalloc/cfg/cfg_irc,0.006,0,0,1279,35,33
backend/debug/dwarf/dwarf_high/dwarf_attribute_helpers.ml/generate/compile_phrases/regalloc/cfg/cfg_irc,0.010,0,0,2570,166,165
backend/debug/dwarf/dwarf_low/dwarf_operator.ml/generate/compile_phrases/regalloc/cfg/cfg_irc,0.034,0,0,4527,263,211
flambda_backend_args.ml/generate/compile_phrases/regalloc/cfg/cfg_irc,0.039,0,0,8337,329,214
opterrors.ml/generate/compile_phrases/regalloc/cfg/cfg_irc,,0,0,6,0,0
fdo_info.ml/generate/compile_phrases/regalloc/cfg/cfg_irc,,0,0,67,4,3
dwarf_compilation_unit.ml/generate/compile_phrases/regalloc/cfg/cfg_irc,0.001,0,0,185,17,14
string_table.ml/generate/compile_phrases/regalloc/cfg/cfg_irc,,0,0,103,4,4
label.ml/generate/compile_phrases/regalloc/cfg/cfg_irc,,0,0,31,0,0
stack_reg_offset.ml/generate/compile_phrases/regalloc/cfg/cfg_irc,,0,0,66,2,2
dwarf_state.ml/generate/compile_phrases/regalloc/cfg/cfg_irc,0.001,0,0,115,12,11
dwarf_name_laundry.ml/generate/compile_phrases/regalloc/cfg/cfg_irc,0.001,0,0,110,10,8
zero_alloc_info.ml/generate/compile_phrases/regalloc/cfg/cfg_irc,0.001,0,0,275,9,9
is_parameter.ml/generate/compile_phrases/regalloc/cfg/cfg_irc,0.001,0,0,172,2,2
backend_var.ml/generate/compile_phrases/regalloc/cfg/cfg_irc,0.005,0,0,564,20,14
location_tracker_formatter.ml/generate/compile_phrases/regalloc/cfg/cfg_irc,0.005,0,0,693,37,29
section_table.ml/generate/compile_phrases/regalloc/cfg/cfg_irc,0.002,0,0,348,15,15
symbol_entry.ml/generate/compile_phrases/regalloc/cfg/cfg_irc,0.003,0,0,333,32,23
relocation_table.ml/generate/compile_phrases/regalloc/cfg/cfg_irc,0.001,0,0,192,11,11
relocation_entry.ml/generate/compile_phrases/regalloc/cfg/cfg_irc,0.004,0,0,304,28,15
cmmgen_state.ml/generate/compile_phrases/regalloc/cfg/cfg_irc,0.003,0,0,664,25,20
reg_availability_set.ml/generate/compile_phrases/regalloc/cfg/cfg_irc,0.003,0,0,554,37,26
asmlibrarian.ml/generate/compile_phrases/regalloc/cfg/cfg_irc,0.009,0,0,1142,99,79
symbol_table.ml/generate/compile_phrases/regalloc/cfg/cfg_irc,0.005,0,0,924,70,45
afl_instrument.ml/generate/compile_phrases/regalloc/cfg/cfg_irc,0.007,0,0,714,76,54
compilenv.ml/generate/compile_phrases/regalloc/cfg/cfg_irc,0.018,2,0,2131,190,133
cmm_invariants.ml/generate/compile_phrases/regalloc/cfg/cfg_irc,0.005,0,0,772,59,48
cmm.ml/generate/compile_phrases/regalloc/cfg/cfg_irc,0.010,0,0,1705,103,91
simd_proc.ml/generate/compile_phrases/regalloc/cfg/cfg_irc,0.001,0,0,85,0,0
cfg_intf.ml/generate/compile_phrases/regalloc/cfg/cfg_irc,,0,0,2,0,0
simd_reload.ml/generate/compile_phrases/regalloc/cfg/cfg_irc,0.007,0,0,746,66,22
comballoc.ml/generate/compile_phrases/regalloc/cfg/cfg_irc,0.007,0,0,661,70,54
linear_utils.ml/generate/compile_phrases/regalloc/cfg/cfg_irc,,0,0,38,0,0
deadcode.ml/generate/compile_phrases/regalloc/cfg/cfg_irc,0.006,0,0,868,90,55
linear.ml/generate/compile_phrases/regalloc/cfg/cfg_irc,0.001,0,0,228,3,3
liveness.ml/generate/compile_phrases/regalloc/cfg/cfg_irc,0.002,0,0,223,12,8
dwarf_reg_locations.ml/generate/compile_phrases/regalloc/cfg/cfg_irc,0.003,0,0,378,10,9
dwarf_abstract_instances.ml/generate/compile_phrases/regalloc/cfg/cfg_irc,0.004,0,0,615,60,42
mach.ml/generate/compile_phrases/regalloc/cfg/cfg_irc,0.007,0,0,1003,57,48
compute_ranges_intf.ml/generate/compile_phrases/regalloc/cfg/cfg_irc,,0,0,2,0,0
dataflow.ml/generate/compile_phrases/regalloc/cfg/cfg_irc,0.010,0,0,1047,121,83
cfg_to_linear_desc.ml/generate/compile_phrases/regalloc/cfg/cfg_irc,0.001,0,0,206,1,1
optmaindriver.ml/generate/compile_phrases/regalloc/cfg/cfg_irc,0.012,0,0,1405,78,32
stack_check.ml/generate/compile_phrases/regalloc/cfg/cfg_irc,,0,0,24,0,0
x86_masm.ml/generate/compile_phrases/regalloc/cfg/cfg_irc,0.064,245,0,5072,940,102
split.ml/generate/compile_phrases/regalloc/cfg/cfg_irc,0.011,0,0,1347,137,115
polling.ml/generate/compile_phrases/regalloc/cfg/cfg_irc,0.008,0,0,1342,97,80
reload.ml/generate/compile_phrases/regalloc/cfg/cfg_irc,0.020,0,0,1466,151,117
interval.ml/generate/compile_phrases/regalloc/cfg/cfg_irc,0.005,0,0,858,65,59
linscan.ml/generate/compile_phrases/regalloc/cfg/cfg_irc,0.008,0,0,1112,95,74
linear_format.ml/generate/compile_phrases/regalloc/cfg/cfg_irc,0.008,0,0,686,48,29
x86_proc.ml/generate/compile_phrases/regalloc/cfg/cfg_irc,0.039,0,0,4906,415,321
reloadgen.ml/generate/compile_phrases/regalloc/cfg/cfg_irc,0.009,3,0,1578,106,86
peephole_utils.ml/generate/compile_phrases/regalloc/cfg/cfg_irc,0.002,0,0,197,9,9
branch_relaxation.ml/generate/compile_phrases/regalloc/cfg/cfg_irc,0.006,0,0,915,81,62
CSE_utils.ml/generate/compile_phrases/regalloc/cfg/cfg_irc,0.013,0,0,2001,205,138
interf.ml/generate/compile_phrases/regalloc/cfg/cfg_irc,0.014,0,0,1432,118,103
printcmm.ml/generate/compile_phrases/regalloc/cfg/cfg_irc,0.030,0,0,5165,251,226
x86_gas.ml/generate/compile_phrases/regalloc/cfg/cfg_irc,0.102,245,0,6284,1020,197
CSEgen.ml/generate/compile_phrases/regalloc/cfg/cfg_irc,0.012,2,0,2034,116,62
select_utils.ml/generate/compile_phrases/regalloc/cfg/cfg_irc,0.026,0,0,2170,229,175
printlinear.ml/generate/compile_phrases/regalloc/cfg/cfg_irc,0.014,0,0,1406,112,49
x86_dsl.ml/generate/compile_phrases/regalloc/cfg/cfg_irc,0.019,0,0,4538,0,0
simplify_terminator.ml/generate/compile_phrases/regalloc/cfg/cfg_irc,0.007,0,0,1051,66,61
internal_assembler.ml/generate/compile_phrases/regalloc/cfg/cfg_irc,0.013,0,0,1792,193,130
extra_debug.ml/generate/compile_phrases/regalloc/cfg/cfg_irc,0.001,0,0,120,10,7
disconnect_block.ml/generate/compile_phrases/regalloc/cfg/cfg_irc,0.004,0,0,348,42,18
cfg_comballoc.ml/generate/compile_phrases/regalloc/cfg/cfg_irc,0.007,0,0,821,89,80
eliminate_dead_blocks.ml/generate/compile_phrases/regalloc/cfg/cfg_irc,0.003,0,0,212,17,11
cfg_format.ml/generate/compile_phrases/regalloc/cfg/cfg_irc,0.008,0,0,686,48,29
eliminate_dead_code.ml/generate/compile_phrases/regalloc/cfg/cfg_irc,0.001,0,0,236,10,9
eliminate_fallthrough_blocks.ml/generate/compile_phrases/regalloc/cfg/cfg_irc,0.003,0,0,348,31,16
cfg_stack_checks.ml/generate/compile_phrases/regalloc/cfg/cfg_irc,0.005,0,0,655,66,48
reg_with_debug_info.ml/generate/compile_phrases/regalloc/cfg/cfg_irc,0.029,0,0,4574,443,325
merge_straightline_blocks.ml/generate/compile_phrases/regalloc/cfg/cfg_irc,0.008,0,0,393,36,15
proc.ml/generate/compile_phrases/regalloc/cfg/cfg_irc,0.036,0,0,2735,251,197
peephole_optimize.ml/generate/compile_phrases/regalloc/cfg/cfg_irc,0.001,0,0,104,6,6
arch.ml/generate/compile_phrases/regalloc/cfg/cfg_irc,0.024,0,0,3399,257,212
cfg_dominators.ml/generate/compile_phrases/regalloc/cfg/cfg_irc,0.014,0,0,2037,211,144
cfg_liveness.ml/generate/compile_phrases/regalloc/cfg/cfg_irc,0.006,0,0,274,21,14
coloring.ml/generate/compile_phrases/regalloc/cfg/cfg_irc,0.035,5,2,2799,293,213
CSE.ml/generate/compile_phrases/regalloc/cfg/cfg_irc,0.002,0,0,404,31,24
generic_fns.ml/generate/compile_phrases/regalloc/cfg/cfg_irc,0.035,0,0,5567,503,381
spill.ml/generate/compile_phrases/regalloc/cfg/cfg_irc,0.029,0,0,4031,342,229
cfg_with_infos.ml/generate/compile_phrases/regalloc/cfg/cfg_irc,0.003,0,0,282,11,11
dwarf_variables_and_parameters.ml/generate/compile_phrases/regalloc/cfg/cfg_irc,0.006,0,0,984,105,76
dwarf_concrete_instances.ml/generate/compile_phrases/regalloc/cfg/cfg_irc,0.003,0,0,390,42,27
dwarf.ml/generate/compile_phrases/regalloc/cfg/cfg_irc,0.008,0,0,529,53,44
available_regs.ml/generate/compile_phrases/regalloc/cfg/cfg_irc,0.115,2,1,2480,307,281
asmpackager.ml/generate/compile_phrases/regalloc/cfg/cfg_irc,0.016,0,0,2112,178,125
peephole_rules.ml/generate/compile_phrases/regalloc/cfg/cfg_irc,0.012,0,0,1331,75,41
compiler_hooks.ml/generate/compile_phrases/regalloc/cfg/cfg_irc,0.002,0,0,764,3,3
optcompile.ml/generate/compile_phrases/regalloc/cfg/cfg_irc,0.003,0,0,496,31,24
cfg_deadcode.ml/generate/compile_phrases/regalloc/cfg/cfg_irc,0.002,0,0,190,15,9
cfg_to_linear.ml/generate/compile_phrases/regalloc/cfg/cfg_irc,0.017,0,0,2319,244,157
inlined_frame_ranges.ml/generate/compile_phrases/regalloc/cfg/cfg_irc,0.004,0,0,905,6,5
available_ranges_vars.ml/generate/compile_phrases/regalloc/cfg/cfg_irc,0.013,0,0,2091,187,118
regalloc_gi_state.ml/generate/compile_phrases/regalloc/cfg/cfg_irc,0.001,0,0,146,3,3
reg.ml/generate/compile_phrases/regalloc/cfg/cfg_irc,0.027,0,0,4970,382,321
vectorize.ml/generate/compile_phrases/regalloc/cfg/cfg_irc,0.010,0,0,1736,124,81
compute_ranges.ml/generate/compile_phrases/regalloc/cfg/cfg_irc,0.047,1,0,3336,416,316
cfg_with_layout.ml/generate/compile_phrases/regalloc/cfg/cfg_irc,0.025,0,0,3748,253,186
dwarf_inlined_frames.ml/generate/compile_phrases/regalloc/cfg/cfg_irc,0.011,0,0,1380,158,109
emitaux.ml/generate/compile_phrases/regalloc/cfg/cfg_irc,0.031,0,0,3532,291,228
cfg_dataflow.ml/generate/compile_phrases/regalloc/cfg/cfg_irc,0.013,0,0,1952,176,105
regalloc_split_utils.ml/generate/compile_phrases/regalloc/cfg/cfg_irc,0.003,0,0,543,32,29
cfg_polling.ml/generate/compile_phrases/regalloc/cfg/cfg_irc,0.004,0,0,943,52,36
cfgize.ml/generate/compile_phrases/regalloc/cfg/cfg_irc,0.026,0,0,3176,265,168
simd_selection.ml/generate/compile_phrases/regalloc/cfg/cfg_irc,0.025,0,0,4256,50,37
cfg_cse.ml/generate/compile_phrases/regalloc/cfg/cfg_irc,0.008,1,0,1196,111,62
regalloc_invariants.ml/generate/compile_phrases/regalloc/cfg/cfg_irc,0.006,0,0,1046,90,54
regalloc_ls_state.ml/generate/compile_phrases/regalloc/cfg/cfg_irc,0.007,0,0,819,48,42
cfg_loop_infos.ml/generate/compile_phrases/regalloc/cfg/cfg_irc,0.020,0,0,3202,341,240
cfg.ml/generate/compile_phrases/regalloc/cfg/cfg_irc,0.030,0,0,4449,262,209
regalloc_stack_operands.ml/generate/compile_phrases/regalloc/cfg/cfg_irc,0.006,0,0,1006,48,18
regalloc_ls_utils.ml/generate/compile_phrases/regalloc/cfg/cfg_irc,0.011,0,0,1318,100,85
regalloc_stack_slots.ml/generate/compile_phrases/regalloc/cfg/cfg_irc,0.012,0,0,1650,85,63
regalloc_gi.ml/generate/compile_phrases/regalloc/cfg/cfg_irc,0.018,0,0,1873,196,139
regalloc_rewrite.ml/generate/compile_phrases/regalloc/cfg/cfg_irc,0.021,0,0,2349,308,200
printmach.ml/generate/compile_phrases/regalloc/cfg/cfg_irc,0.041,0,0,5564,363,292
regalloc_ls.ml/generate/compile_phrases/regalloc/cfg/cfg_irc,0.011,0,0,1990,175,110
regalloc_irc_utils.ml/generate/compile_phrases/regalloc/cfg/cfg_irc,0.011,0,0,1609,88,65
regalloc_split.ml/generate/compile_phrases/regalloc/cfg/cfg_irc,0.015,0,0,2632,294,179
asmlink.ml/generate/compile_phrases/regalloc/cfg/cfg_irc,0.042,0,0,5726,389,265
selection.ml/generate/compile_phrases/regalloc/cfg/cfg_irc,0.024,2,0,3007,234,185
regalloc_split_state.ml/generate/compile_phrases/regalloc/cfg/cfg_irc,0.023,0,0,3117,293,203
regalloc_gi_utils.ml/generate/compile_phrases/regalloc/cfg/cfg_irc,0.019,0,0,3654,226,179
regalloc_irc_state.ml/generate/compile_phrases/regalloc/cfg/cfg_irc,0.019,0,0,3544,224,123
regalloc_irc.ml/generate/compile_phrases/regalloc/cfg/cfg_irc,0.038,0,0,4040,471,279
cmm_builtins.ml/generate/compile_phrases/regalloc/cfg/cfg_irc,0.042,0,0,5558,226,207
asmgen.ml/generate/compile_phrases/regalloc/cfg/cfg_irc,0.024,0,0,4914,334,269
printast_with_mappings.ml/generate/compile_phrases/regalloc/cfg/cfg_irc,0.037,0,0,7809,1107,631
regalloc_utils.ml/generate/compile_phrases/regalloc/cfg/cfg_irc,0.036,0,0,7065,583,474
selectgen.ml/generate/compile_phrases/regalloc/cfg/cfg_irc,0.114,378,1,11408,1824,712
x86_binary_emitter.ml/generate/compile_phrases/regalloc/cfg/cfg_irc,0.110,237,0,15971,1913,906
simd.ml/generate/compile_phrases/regalloc/cfg/cfg_irc,0.175,84,0,15598,668,634
regalloc_validate.ml/generate/compile_phrases/regalloc/cfg/cfg_irc,0.061,1,0,11908,1118,783
zero_alloc_checker.ml/generate/compile_phrases/regalloc/cfg/cfg_irc,0.084,1,0,15212,1330,963
emit.ml/generate/compile_phrases/regalloc/cfg/cfg_irc,0.268,31,2,18852,1911,874
cmm_helpers.ml/generate/compile_phrases/regalloc/cfg/cfg_irc,0.119,1,0,23698,1534,1143
backend/asm_targets/asm_directives_intf.ml/generate/compile_phrases/regalloc/cfg/cfg_irc,,0,0,2,0,0
middle_end/flambda2/numbers/floats/flambda2_floats.ml-gen/generate/compile_phrases/regalloc/cfg/cfg_irc,,0,0,2,0,0
utils/flambda_backend_utils.ml-gen/generate/compile_phrases/regalloc/cfg/cfg_irc,,0,0,2,0,0
middle_end/flambda2/numbers/flambda2_numbers.ml-gen/generate/compile_phrases/regalloc/cfg/cfg_irc,,0,0,2,0,0
middle_end/flambda2/algorithms/flambda2_algorithms.ml-gen/generate/compile_phrases/regalloc/cfg/cfg_irc,,0,0,2,0,0
middle_end/flambda2/ui/flambda2_ui.ml-gen/generate/compile_phrases/regalloc/cfg/cfg_irc,,0,0,2,0,0
middle_end/flambda2/nominal/flambda2_nominal.ml-gen/generate/compile_phrases/regalloc/cfg/cfg_irc,,0,0,2,0,0
middle_end/flambda2/kinds/flambda2_kinds.ml-gen/generate/compile_phrases/regalloc/cfg/cfg_irc,,0,0,2,0,0
middle_end/flambda2/lattices/flambda2_lattices.ml-gen/generate/compile_phrases/regalloc/cfg/cfg_irc,,0,0,2,0,0
middle_end/flambda2/term_basics/flambda2_term_basics.ml-gen/generate/compile_phrases/regalloc/cfg/cfg_irc,,0,0,2,0,0
middle_end/flambda2/bound_identifiers/flambda2_bound_identifiers.ml-gen/generate/compile_phrases/regalloc/cfg/cfg_irc,,0,0,2,0,0
middle_end/flambda2/identifiers/flambda2_identifiers.ml-gen/generate/compile_phrases/regalloc/cfg/cfg_irc,,0,0,2,0,0
middle_end/flambda2/classic_mode_types/flambda2_classic_mode_types.ml-gen/generate/compile_phrases/regalloc/cfg/cfg_irc,,0,0,2,0,0
middle_end/flambda2/terms/flambda2_terms.ml-gen/generate/compile_phrases/regalloc/cfg/cfg_irc,,0,0,2,0,0
middle_end/flambda2/cmx/flambda2_cmx.ml-gen/generate/compile_phrases/regalloc/cfg/cfg_irc,,0,0,2,0,0
middle_end/flambda2/simplify_shared/flambda2_simplify_shared.ml-gen/generate/compile_phrases/regalloc/cfg/cfg_irc,,0,0,2,0,0
middle_end/flambda2/to_cmm/flambda2_to_cmm.ml-gen/generate/compile_phrases/regalloc/cfg/cfg_irc,,0,0,2,0,0
middle_end/flambda2/types/flambda2_types__.ml-gen/generate/compile_phrases/regalloc/cfg/cfg_irc,,0,0,2,0,0
middle_end/flambda2/import/flambda2_import.ml/generate/compile_phrases/regalloc/cfg/cfg_irc,,0,0,2,0,0
middle_end/flambda2/nominal/bindable.ml/generate/compile_phrases/regalloc/cfg/cfg_irc,,0,0,2,0,0
middle_end/flambda2/numbers/floats/float32.ml/generate/compile_phrases/regalloc/cfg/cfg_irc,0.001,0,0,200,0,0
ocaml/domainstate.ml/generate/compile_phrases/regalloc/cfg/cfg_irc,,0,0,4,0,0
ocaml/debug.ml/generate/compile_phrases/regalloc/cfg/cfg_irc,,0,0,94,6,5
ocaml/attr_helper.ml/generate/compile_phrases/regalloc/cfg/cfg_irc,0.001,0,0,190,3,3
ocaml/int_replace_polymorphic_compare.ml/generate/compile_phrases/regalloc/cfg/cfg_irc,0.003,0,0,40,0,0
ocaml/jkind_intf.ml/generate/compile_phrases/regalloc/cfg/cfg_irc,,0,0,2,0,0
ocaml/arg_helper.ml/generate/compile_phrases/regalloc/cfg/cfg_irc,0.005,4,0,788,50,34
ocaml/bytesections.ml/generate/compile_phrases/regalloc/cfg/cfg_irc,0.007,0,0,723,55,44
ocaml/language_extension_kernel.ml/generate/compile_phrases/regalloc/cfg/cfg_irc,0.002,0,0,207,2,2
ocaml/consistbl.ml/generate/compile_phrases/regalloc/cfg/cfg_irc,0.004,0,0,584,36,34
ocaml/lazy_backtrack.ml/generate/compile_phrases/regalloc/cfg/cfg_irc,0.001,0,0,219,11,9
ocaml/import_info.ml/generate/compile_phrases/regalloc/cfg/cfg_irc,0.003,0,0,406,9,8
ocaml/local_store.ml/generate/compile_phrases/regalloc/cfg/cfg_irc,0.001,0,0,245,4,4
ocaml/meta.ml/generate/compile_phrases/regalloc/cfg/cfg_irc,,0,0,2,0,0
ocaml/cms_format.ml/generate/compile_phrases/regalloc/cfg/cfg_irc,0.011,0,0,628,53,42
ocaml/compmisc.ml/generate/compile_phrases/regalloc/cfg/cfg_irc,0.006,0,0,649,39,32
ocaml/errortrace.ml/generate/compile_phrases/regalloc/cfg/cfg_irc,0.003,0,0,465,8,8
ocaml/longident.ml/generate/compile_phrases/regalloc/cfg/cfg_irc,0.002,0,0,278,15,19
ocaml/linkage_name.ml/generate/compile_phrases/regalloc/cfg/cfg_irc,0.001,0,0,121,0,0
ocaml/build_path_prefix_map.ml/generate/compile_phrases/regalloc/cfg/cfg_irc,0.010,0,0,1175,63,61
ocaml/compile_common.ml/generate/compile_phrases/regalloc/cfg/cfg_irc,0.005,0,0,983,68,48
ocaml/opcodes.ml/generate/compile_phrases/regalloc/cfg/cfg_irc,,0,0,2,0,0
ocaml/config.ml/generate/compile_phrases/regalloc/cfg/cfg_irc,0.013,6,0,1529,139,119
ocaml/cmi_format.ml/generate/compile_phrases/regalloc/cfg/cfg_irc,0.012,2,0,1243,120,76
ocaml/ast_invariants.ml/generate/compile_phrases/regalloc/cfg/cfg_irc,0.009,0,0,1524,51,43
ocaml/datarepr.ml/generate/compile_phrases/regalloc/cfg/cfg_irc,0.011,0,0,1351,126,112
ocaml/cmt2annot.ml/generate/compile_phrases/regalloc/cfg/cfg_irc,0.008,0,0,1061,86,74
ocaml/dll.ml/generate/compile_phrases/regalloc/cfg/cfg_irc,0.007,0,0,1196,76,68
middle_end/flambda2/to_cmm/to_cmm.ml/generate/compile_phrases/regalloc/cfg/cfg_irc,0.009,0,0,1662,38,25
ocaml/envaux.ml/generate/compile_phrases/regalloc/cfg/cfg_irc,0.007,0,0,720,74,39
ocaml/jkind_axis.ml/generate/compile_phrases/regalloc/cfg/cfg_irc,0.005,0,0,661,16,11
ocaml/includeclass.ml/generate/compile_phrases/regalloc/cfg/cfg_irc,0.005,0,0,907,26,24
ocaml/ccomp.ml/generate/compile_phrases/regalloc/cfg/cfg_irc,0.013,1,0,1607,142,122
ocaml/parser_types.ml/generate/compile_phrases/regalloc/cfg/cfg_irc,,0,0,120,0,0
ocaml/jkind_types.ml/generate/compile_phrases/regalloc/cfg/cfg_irc,0.005,0,0,721,19,19
ocaml/runtimetags.ml/generate/compile_phrases/regalloc/cfg/cfg_irc,,0,0,2,0,0
ocaml/parse.ml/generate/compile_phrases/regalloc/cfg/cfg_irc,0.005,0,0,593,17,14
ocaml/language_extension.ml/generate/compile_phrases/regalloc/cfg/cfg_irc,0.008,0,0,1540,72,63
ocaml/global_module.ml/generate/compile_phrases/regalloc/cfg/cfg_irc,0.008,0,0,1285,81,73
ocaml/runtimedef.ml/generate/compile_phrases/regalloc/cfg/cfg_irc,,0,0,16,1,1
ocaml/compilation_unit.ml/generate/compile_phrases/regalloc/cfg/cfg_irc,0.009,0,0,1637,123,102
ocaml/docstrings.ml/generate/compile_phrases/regalloc/cfg/cfg_irc,0.010,0,0,1771,62,61
ocaml/diffing_with_keys.ml/generate/compile_phrases/regalloc/cfg/cfg_irc,0.017,0,0,2515,245,168
ocaml/diffing.ml/generate/compile_phrases/regalloc/cfg/cfg_irc,0.020,0,0,2789,223,159
ocaml/numbers.ml/generate/compile_phrases/regalloc/cfg/cfg_irc,0.004,0,0,595,6,6
ocaml/ident.ml/generate/compile_phrases/regalloc/cfg/cfg_irc,0.013,0,0,2086,127,104
ocaml/binutils.ml/generate/compile_phrases/regalloc/cfg/cfg_irc,0.022,0,0,3631,264,178
ocaml/cmt_format.ml/generate/compile_phrases/regalloc/cfg/cfg_irc,0.020,7,0,2959,212,191
ocaml/debuginfo.ml/generate/compile_phrases/regalloc/cfg/cfg_irc,0.010,1,0,1995,149,132
ocaml/patterns.ml/generate/compile_phrases/regalloc/cfg/cfg_irc,0.004,0,0,815,18,17
ocaml/load_path.ml/generate/compile_phrases/regalloc/cfg/cfg_irc,0.017,0,0,2409,139,113
ocaml/signature_group.ml/generate/compile_phrases/regalloc/cfg/cfg_irc,0.006,0,0,762,59,55
ocaml/clflags.ml/generate/compile_phrases/regalloc/cfg/cfg_irc,0.078,67,1,3496,403,285
ocaml/pparse.ml/generate/compile_phrases/regalloc/cfg/cfg_irc,0.013,3,0,1623,148,114
ocaml/syntaxerr.ml/generate/compile_phrases/regalloc/cfg/cfg_irc,,0,0,34,0,0
ocaml/otherlibs/unix/unix.ml/generate/compile_phrases/regalloc/cfg/cfg_irc,0.029,0,0,3942,279,217
ocaml/terminfo.ml/generate/compile_phrases/regalloc/cfg/cfg_irc,0.001,0,0,162,6,5
ocaml/target_system.ml/generate/compile_phrases/regalloc/cfg/cfg_irc,0.003,0,0,434,0,0
ocaml/targetint.ml/generate/compile_phrases/regalloc/cfg/cfg_irc,0.002,0,0,321,1,1
ocaml/identifiable.ml/generate/compile_phrases/regalloc/cfg/cfg_irc,0.011,0,0,2257,117,108
ocaml/ast_iterator.ml/generate/compile_phrases/regalloc/cfg/cfg_irc,0.034,0,0,4688,623,337
ocaml/printpat.ml/generate/compile_phrases/regalloc/cfg/cfg_irc,0.011,0,0,1960,94,91
ocaml/symbol.ml/generate/compile_phrases/regalloc/cfg/cfg_irc,0.003,0,0,654,33,29
ocaml/shape_reduce.ml/generate/compile_phrases/regalloc/cfg/cfg_irc,0.011,0,0,1816,131,107
ocaml/profile.ml/generate/compile_phrases/regalloc/cfg/cfg_irc,0.023,0,1,3032,219,174
ocaml/strongly_connected_components.ml/generate/compile_phrases/regalloc/cfg/cfg_irc,0.011,0,0,1474,92,78
ocaml/translmode.ml/generate/compile_phrases/regalloc/cfg/cfg_irc,0.001,0,0,73,0,0
ocaml/stypes.ml/generate/compile_phrases/regalloc/cfg/cfg_irc,0.013,0,0,959,85,49
ocaml/primitive.ml/generate/compile_phrases/regalloc/cfg/cfg_irc,0.046,4,2,3191,272,232
ocaml/predef.ml/generate/compile_phrases/regalloc/cfg/cfg_irc,0.065,5,0,3922,459,299
ocaml/compenv.ml/generate/compile_phrases/regalloc/cfg/cfg_irc,0.052,17,0,5127,271,217
ocaml/jane_syntax_parsing.ml/generate/compile_phrases/regalloc/cfg/cfg_irc,0.023,0,0,4318,289,218
ocaml/transl_comprehension_utils.ml/generate/compile_phrases/regalloc/cfg/cfg_irc,0.004,0,0,990,31,31
ocaml/mtype.ml/generate/compile_phrases/regalloc/cfg/cfg_irc,0.026,0,0,4488,397,336
ocaml/transl_list_comprehension.ml/generate/compile_phrases/regalloc/cfg/cfg_irc,0.004,0,0,687,52,43
ocaml/persistent_env.ml/generate/compile_phrases/regalloc/cfg/cfg_irc,0.024,0,0,3437,258,193
ocaml/path.ml/generate/compile_phrases/regalloc/cfg/cfg_irc,0.021,0,0,3465,350,252
ocaml/depend.ml/generate/compile_phrases/regalloc/cfg/cfg_irc,0.024,0,0,3746,368,292
ocaml/makedepend.ml/generate/compile_phrases/regalloc/cfg/cfg_irc,0.051,32,0,6258,501,355
ocaml/builtin_attributes.ml/generate/compile_phrases/regalloc/cfg/cfg_irc,0.036,0,0,5409,256,215
ocaml/typedecl_properties.ml/generate/compile_phrases/regalloc/cfg/cfg_irc,0.003,0,0,342,31,27
ocaml/translattribute.ml/generate/compile_phrases/regalloc/cfg/cfg_irc,0.008,0,0,1215,106,70
ocaml/includemod_errorprinter.ml/generate/compile_phrases/regalloc/cfg/cfg_irc,0.032,0,0,5034,331,290
ocaml/zero_alloc_annotations.ml/generate/compile_phrases/regalloc/cfg/cfg_irc,0.001,0,0,81,4,4
ocaml/location.ml/generate/compile_phrases/regalloc/cfg/cfg_irc,0.041,1,0,5841,362,268
ocaml/shape.ml/generate/compile_phrases/regalloc/cfg/cfg_irc,0.022,0,0,3844,302,236
ocaml/symtable.ml/generate/compile_phrases/regalloc/cfg/cfg_irc,0.017,0,0,3024,171,144
ocaml/includecore.ml/generate/compile_phrases/regalloc/cfg/cfg_irc,0.061,0,0,7087,641,405
ocaml/translobj.ml/generate/compile_phrases/regalloc/cfg/cfg_irc,0.009,0,0,1639,62,53
ocaml/camlinternalMenhirLib.ml/generate/compile_phrases/regalloc/cfg/cfg_irc,0.069,148,6,8608,724,489
ocaml/otherlibs/unix/unixLabels.ml/generate/compile_phrases/regalloc/cfg/cfg_irc,0.002,0,0,706,0,0
ocaml/errors.ml/generate/compile_phrases/regalloc/cfg/cfg_irc,,0,0,6,0,0
ocaml/ast_helper.ml/generate/compile_phrases/regalloc/cfg/cfg_irc,0.041,0,0,6952,149,148
ocaml/zero_alloc.ml/generate/compile_phrases/regalloc/cfg/cfg_irc,0.004,0,0,598,19,17
ocaml/typemode.ml/generate/compile_phrases/regalloc/cfg/cfg_irc,0.005,0,0,1110,48,39
ocaml/bytelibrarian.ml/generate/compile_phrases/regalloc/cfg/cfg_irc,0.010,0,0,756,78,43
ocaml/instruct.ml/generate/compile_phrases/regalloc/cfg/cfg_irc,,0,0,2,0,0
ocaml/compile.ml/generate/compile_phrases/regalloc/cfg/cfg_irc,0.004,0,0,377,20,15
ocaml/transl_array_comprehension.ml/generate/compile_phrases/regalloc/cfg/cfg_irc,0.014,0,0,2011,177,136
ocaml/lexer.ml/generate/compile_phrases/regalloc/cfg/cfg_irc,0.126,189,56,8426,1069,437
ocaml/zero_alloc_utils.ml/generate/compile_phrases/regalloc/cfg/cfg_irc,0.010,5,0,1436,83,55
ocaml/bytegen.ml/generate/compile_phrases/regalloc/cfg/cfg_irc,0.120,73,10,7126,1029,276
ocaml/maindriver.ml/generate/compile_phrases/regalloc/cfg/cfg_irc,0.005,0,0,668,23,16
ocaml/typedtree.ml/generate/compile_phrases/regalloc/cfg/cfg_irc,0.011,0,0,2233,123,108
ocaml/typedecl_variance.ml/generate/compile_phrases/regalloc/cfg/cfg_irc,0.031,0,0,3238,288,223
ocaml/tast_iterator.ml/generate/compile_phrases/regalloc/cfg/cfg_irc,0.030,0,0,4793,590,306
ocaml/includemod.ml/generate/compile_phrases/regalloc/cfg/cfg_irc,0.087,0,0,8198,924,735
ocaml/tmc.ml/generate/compile_phrases/regalloc/cfg/cfg_irc,0.020,0,0,3648,244,207
ocaml/jane_syntax.ml/generate/compile_phrases/regalloc/cfg/cfg_irc,0.039,0,0,6636,292,260
ocaml/btype.ml/generate/compile_phrases/regalloc/cfg/cfg_irc,0.052,0,0,8135,681,484
ocaml/bytepackager.ml/generate/compile_phrases/regalloc/cfg/cfg_irc,0.012,2,0,1950,176,113
ocaml/subst.ml/generate/compile_phrases/regalloc/cfg/cfg_irc,0.037,0,0,5600,542,363
ocaml/switch.ml/generate/compile_phrases/regalloc/cfg/cfg_irc,0.088,99,3,6775,927,627
middle_end/flambda2/nominal/contains_ids.ml/generate/compile_phrases/regalloc/cfg/cfg_irc,,0,0,2,0,0
middle_end/flambda2/nominal/contains_names.ml/generate/compile_phrases/regalloc/cfg/cfg_irc,,0,0,2,0,0
ocaml/value_rec_compiler.ml/generate/compile_phrases/regalloc/cfg/cfg_irc,0.019,0,0,2750,185,143
middle_end/flambda2/terms/expr_std.ml/generate/compile_phrases/regalloc/cfg/cfg_irc,,0,0,2,0,0
ocaml/solver.ml/generate/compile_phrases/regalloc/cfg/cfg_irc,0.040,197,0,6388,764,404
ocaml/types.ml/generate/compile_phrases/regalloc/cfg/cfg_irc,0.019,0,0,3382,199,162
middle_end/flambda2/identifiers/variable.ml/generate/compile_phrases/regalloc/cfg/cfg_irc,0.001,0,0,230,15,13
middle_end/flambda2/bound_identifiers/bound_var.ml/generate/compile_phrases/regalloc/cfg/cfg_irc,0.001,0,0,102,2,2
middle_end/flambda2/algorithms/container_types_intf.ml/generate/compile_phrases/regalloc/cfg/cfg_irc,,0,0,2,0,0
ocaml/printast.ml/generate/compile_phrases/regalloc/cfg/cfg_irc,0.041,0,0,7360,1204,910
utils/lru.ml/generate/compile_phrases/regalloc/cfg/cfg_irc,0.007,0,0,589,27,27
ocaml/typeopt.ml/generate/compile_phrases/regalloc/cfg/cfg_irc,0.031,0,0,4651,286,182
middle_end/flambda2/term_basics/value_slot_set.ml/generate/compile_phrases/regalloc/cfg/cfg_irc,0.001,0,0,413,1,1
middle_end/flambda2/types/grammar/with_cached_free_names.ml/generate/compile_phrases/regalloc/cfg/cfg_irc,0.002,0,0,259,22,17
middle_end/flambda2/lattices/or_unknown_or_bottom.ml/generate/compile_phrases/regalloc/cfg/cfg_irc,0.001,0,0,204,4,4
ocaml/typedecl_separability.ml/generate/compile_phrases/regalloc/cfg/cfg_irc,0.024,0,0,4156,382,310
backend/asm_targets/asm_symbol.ml/generate/compile_phrases/regalloc/cfg/cfg_irc,0.003,0,0,530,33,28
middle_end/flambda2/algorithms/table_by_int_id.ml/generate/compile_phrases/regalloc/cfg/cfg_irc,0.003,0,0,542,62,26
ocaml/emitcode.ml/generate/compile_phrases/regalloc/cfg/cfg_irc,0.027,0,0,3500,226,183
middle_end/flambda2/terms/zero_alloc_attribute.ml/generate/compile_phrases/regalloc/cfg/cfg_irc,0.001,0,0,179,4,4
middle_end/flambda2/classic_mode_types/value_approximation.ml/generate/compile_phrases/regalloc/cfg/cfg_irc,0.003,0,0,417,27,19
middle_end/flambda2/ui/flambda_features.ml/generate/compile_phrases/regalloc/cfg/cfg_irc,0.004,0,0,919,1,1
middle_end/flambda2/numbers/vector_types.ml/generate/compile_phrases/regalloc/cfg/cfg_irc,0.004,0,0,734,19,15
ocaml/lambda.ml/generate/compile_phrases/regalloc/cfg/cfg_irc,0.046,0,0,7887,579,486
middle_end/flambda2/kinds/tag.ml/generate/compile_phrases/regalloc/cfg/cfg_irc,0.011,0,0,1661,29,18
ocaml/ast_mapper.ml/generate/compile_phrases/regalloc/cfg/cfg_irc,0.075,2,4,11116,1161,630
ocaml/jkind.ml/generate/compile_phrases/regalloc/cfg/cfg_irc,0.059,0,0,9981,435,362
ocaml/tast_mapper.ml/generate/compile_phrases/regalloc/cfg/cfg_irc,0.049,0,0,7781,1107,572
ocaml/oprint.ml/generate/compile_phrases/regalloc/cfg/cfg_irc,0.065,33,1,10625,622,471
ocaml/value_rec_check.ml/generate/compile_phrases/regalloc/cfg/cfg_irc,0.026,0,0,4667,261,233
middle_end/flambda2/nominal/renaming.ml/generate/compile_phrases/regalloc/cfg/cfg_irc,0.010,0,0,1671,117,73
ocaml/printinstr.ml/generate/compile_phrases/regalloc/cfg/cfg_irc,0.010,0,0,2289,56,54
middle_end/flambda2/cmx/flambda_cmx_format.ml/generate/compile_phrases/regalloc/cfg/cfg_irc,0.017,0,0,1738,173,124
ocaml/bytelink.ml/generate/compile_phrases/regalloc/cfg/cfg_irc,0.051,0,0,7533,623,427
ocaml/warnings.ml/generate/compile_phrases/regalloc/cfg/cfg_irc,0.084,101,0,7216,795,293
ocaml/printtyped.ml/generate/compile_phrases/regalloc/cfg/cfg_irc,0.049,0,0,8655,1296,1005
ocaml/uniqueness_analysis.ml/generate/compile_phrases/regalloc/cfg/cfg_irc,0.037,0,0,6137,512,424
ocaml/misc.ml/generate/compile_phrases/regalloc/cfg/cfg_irc,0.114,9,2,14002,1003,833
ocaml/simplif.ml/generate/compile_phrases/regalloc/cfg/cfg_irc,0.078,0,0,9223,1062,975
ocaml/parmatch.ml/generate/compile_phrases/regalloc/cfg/cfg_irc,0.079,2,0,12809,865,762
ocaml/typetexp.ml/generate/compile_phrases/regalloc/cfg/cfg_irc,0.071,7,0,9640,887,573
ocaml/untypeast.ml/generate/compile_phrases/regalloc/cfg/cfg_irc,0.061,0,0,8504,993,601
ocaml/translclass.ml/generate/compile_phrases/regalloc/cfg/cfg_irc,0.095,0,0,9144,826,629
middle_end/flambda2/simplify_shared/slot_offsets.ml/generate/compile_phrases/regalloc/cfg/cfg_irc,0.026,0,0,4746,397,249
ocaml/main_args.ml/generate/compile_phrases/regalloc/cfg/cfg_irc,0.059,0,0,12314,1173,633
ocaml/printlambda.ml/generate/compile_phrases/regalloc/cfg/cfg_irc,0.141,56,0,15276,1029,602
ocaml/typeclass.ml/generate/compile_phrases/regalloc/cfg/cfg_irc,0.174,2,0,14583,1455,1012
ocaml/translmod.ml/generate/compile_phrases/regalloc/cfg/cfg_irc,0.109,0,0,12118,1188,1072
middle_end/flambda2/identifiers/code_id.ml/generate/compile_phrases/regalloc/cfg/cfg_irc,,0,0,49,0,0
backend/asm_targets/asm_section.ml/generate/compile_phrases/regalloc/cfg/cfg_irc,0.007,0,0,285,2,2
middle_end/flambda2/identifiers/code_id_or_symbol.ml/generate/compile_phrases/regalloc/cfg/cfg_irc,,0,0,34,0,0
middle_end/flambda2/numbers/or_infinity.ml/generate/compile_phrases/regalloc/cfg/cfg_irc,0.002,0,0,112,0,0
middle_end/flambda2/identifiers/function_slot.ml/generate/compile_phrases/regalloc/cfg/cfg_irc,,0,0,63,0,0
middle_end/flambda2/identifiers/apply_cont_rewrite_id.ml/generate/compile_phrases/regalloc/cfg/cfg_irc,0.001,0,0,395,0,0
middle_end/flambda2/numbers/one_bit_fewer.ml/generate/compile_phrases/regalloc/cfg/cfg_irc,0.008,22,0,718,80,42
middle_end/flambda2/identifiers/named_rewrite_id.ml/generate/compile_phrases/regalloc/cfg/cfg_irc,0.001,0,0,395,0,0
ocaml/translprim.ml/generate/compile_phrases/regalloc/cfg/cfg_irc,0.084,6,0,9177,731,216
middle_end/flambda2/identifiers/symbol.ml/generate/compile_phrases/regalloc/cfg/cfg_irc,,0,0,60,0,0
middle_end/flambda2/identifiers/value_slot.ml/generate/compile_phrases/regalloc/cfg/cfg_irc,,0,0,63,0,0
utils/file_sections.ml/generate/compile_phrases/regalloc/cfg/cfg_irc,0.008,2,1,914,50,46
middle_end/flambda2/identifiers/reg_width_const.ml/generate/compile_phrases/regalloc/cfg/cfg_irc,0.001,0,0,335,0,0
middle_end/flambda2/identifiers/coercion0.ml/generate/compile_phrases/regalloc/cfg/cfg_irc,0.006,0,0,334,15,14
middle_end/flambda2/algorithms/lmap.ml/generate/compile_phrases/regalloc/cfg/cfg_irc,0.006,0,0,931,46,45
middle_end/flambda2/identifiers/name.ml/generate/compile_phrases/regalloc/cfg/cfg_irc,0.003,0,0,441,11,11
middle_end/flambda2/nominal/num_occurrences.ml/generate/compile_phrases/regalloc/cfg/cfg_irc,,0,0,76,0,0
middle_end/flambda2/bound_identifiers/bound_continuation.ml/generate/compile_phrases/regalloc/cfg/cfg_irc,,0,0,39,0,0
backend/asm_targets/asm_label.ml/generate/compile_phrases/regalloc/cfg/cfg_irc,0.005,0,0,813,18,18
utils/doubly_linked_list.ml/generate/compile_phrases/regalloc/cfg/cfg_irc,0.007,0,0,1218,41,39
middle_end/flambda2/kinds/flambda_arity.ml/generate/compile_phrases/regalloc/cfg/cfg_irc,0.005,0,0,715,23,21
middle_end/flambda2/bound_identifiers/bound_name.ml/generate/compile_phrases/regalloc/cfg/cfg_irc,0.002,0,0,110,3,3
middle_end/flambda2/identifiers/slot.ml/generate/compile_phrases/regalloc/cfg/cfg_irc,0.005,0,0,815,26,20
middle_end/flambda2/identifiers/rec_info_expr0.ml/generate/compile_phrases/regalloc/cfg/cfg_irc,0.004,0,0,841,34,34
middle_end/flambda2/term_basics/continuation_use_kind.ml/generate/compile_phrases/regalloc/cfg/cfg_irc,,0,0,2,0,0
middle_end/flambda2/identifiers/continuation.ml/generate/compile_phrases/regalloc/cfg/cfg_irc,0.005,0,0,1059,31,17
middle_end/flambda2/nominal/ids_for_export.ml/generate/compile_phrases/regalloc/cfg/cfg_irc,0.005,0,0,993,45,26
middle_end/flambda2/bound_identifiers/bound_continuations.ml/generate/compile_phrases/regalloc/cfg/cfg_irc,0.002,0,0,295,24,25
middle_end/flambda2/nominal/name_abstraction.ml/generate/compile_phrases/regalloc/cfg/cfg_irc,0.004,0,0,661,96,70
middle_end/flambda2/numbers/targetint_31_63.ml/generate/compile_phrases/regalloc/cfg/cfg_irc,0.011,0,0,1499,37,23
middle_end/flambda2/term_basics/coercion.ml/generate/compile_phrases/regalloc/cfg/cfg_irc,0.001,0,0,195,14,13
middle_end/flambda2/term_basics/or_variable.ml/generate/compile_phrases/regalloc/cfg/cfg_irc,0.001,0,0,86,2,2
middle_end/flambda2/term_basics/or_invalid.ml/generate/compile_phrases/regalloc/cfg/cfg_irc,0.001,0,0,95,2,2
middle_end/flambda2/bound_identifiers/bound_parameter.ml/generate/compile_phrases/regalloc/cfg/cfg_irc,0.003,0,0,658,11,11
middle_end/flambda2/lattices/or_bottom.ml/generate/compile_phrases/regalloc/cfg/cfg_irc,0.007,0,0,204,4,4
middle_end/flambda2/nominal/permutation.ml/generate/compile_phrases/regalloc/cfg/cfg_irc,0.009,0,0,1387,213,124
middle_end/flambda2/term_basics/rec_info_expr.ml/generate/compile_phrases/regalloc/cfg/cfg_irc,0.001,0,0,167,6,6
middle_end/flambda2/bound_identifiers/bound_for_function.ml/generate/compile_phrases/regalloc/cfg/cfg_irc,0.008,0,0,680,94,34
middle_end/flambda2/term_basics/tag_and_size.ml/generate/compile_phrases/regalloc/cfg/cfg_irc,,0,0,97,0,0
middle_end/flambda2/numbers/targetint_32_64.ml/generate/compile_phrases/regalloc/cfg/cfg_irc,0.014,2,0,1369,19,15
middle_end/flambda2/bound_identifiers/bound_parameters.ml/generate/compile_phrases/regalloc/cfg/cfg_irc,0.004,0,0,702,40,32
middle_end/flambda2/term_basics/scope.ml/generate/compile_phrases/regalloc/cfg/cfg_irc,0.002,0,0,471,6,5
middle_end/flambda2/nominal/name_mode.ml/generate/compile_phrases/regalloc/cfg/cfg_irc,0.005,0,0,1229,6,6
middle_end/flambda2/term_basics/empty_array_kind.ml/generate/compile_phrases/regalloc/cfg/cfg_irc,0.001,0,0,264,0,0
middle_end/flambda2/lattices/or_unknown.ml/generate/compile_phrases/regalloc/cfg/cfg_irc,0.004,0,0,691,9,8
middle_end/flambda2/term_basics/unit.ml/generate/compile_phrases/regalloc/cfg/cfg_irc,0.002,0,0,445,0,0
middle_end/flambda2/types/meet_and_join.ml/generate/compile_phrases/regalloc/cfg/cfg_irc,0.001,0,0,165,15,11
ocaml/mode.ml/generate/compile_phrases/regalloc/cfg/cfg_irc,0.099,0,0,18843,1237,1042
middle_end/flambda2/term_basics/inlined_debuginfo.ml/generate/compile_phrases/regalloc/cfg/cfg_irc,0.003,0,0,449,34,31
middle_end/flambda2/bound_identifiers/bound_static.ml/generate/compile_phrases/regalloc/cfg/cfg_irc,0.004,0,0,825,20,18
middle_end/flambda2/bound_identifiers/bound_pattern.ml/generate/compile_phrases/regalloc/cfg/cfg_irc,0.005,0,0,963,63,60
middle_end/flambda2/term_basics/string_info.ml/generate/compile_phrases/regalloc/cfg/cfg_irc,0.010,0,0,645,14,12
backend/asm_targets/asm_directives.ml/generate/compile_phrases/regalloc/cfg/cfg_irc,0.035,175,0,3254,424,168
ocaml/translcore.ml/generate/compile_phrases/regalloc/cfg/cfg_irc,0.149,98,0,12584,1680,838
middle_end/flambda2/term_basics/symbol_projection.ml/generate/compile_phrases/regalloc/cfg/cfg_irc,0.003,0,0,441,24,20
middle_end/flambda2/types/env/binding_time.ml/generate/compile_phrases/regalloc/cfg/cfg_irc,0.004,0,0,611,9,7
middle_end/flambda2/term_basics/alloc_mode.ml/generate/compile_phrases/regalloc/cfg/cfg_irc,0.005,0,0,891,27,26
middle_end/flambda2/types/flambda2_types.ml/generate/compile_phrases/regalloc/cfg/cfg_irc,0.010,20,0,1126,54,33
middle_end/flambda2/types/env/code_age_relation.ml/generate/compile_phrases/regalloc/cfg/cfg_irc,0.003,0,0,434,34,21
middle_end/flambda2/terms/code.ml/generate/compile_phrases/regalloc/cfg/cfg_irc,0.001,0,0,196,7,7
middle_end/flambda2/ui/flambda_colours.ml/generate/compile_phrases/regalloc/cfg/cfg_irc,0.015,0,0,2364,71,69
middle_end/flambda2/types/env/cached_level.ml/generate/compile_phrases/regalloc/cfg/cfg_irc,0.004,0,0,946,61,51
middle_end/flambda2/types/env/typing_env_extension.ml/generate/compile_phrases/regalloc/cfg/cfg_irc,0.004,0,0,674,45,35
ocaml/printtyp.ml/generate/compile_phrases/regalloc/cfg/cfg_irc,0.136,13,0,19910,1455,1081
middle_end/flambda2/terms/effects.ml/generate/compile_phrases/regalloc/cfg/cfg_irc,0.001,0,0,138,1,1
middle_end/flambda2/terms/code0.ml/generate/compile_phrases/regalloc/cfg/cfg_irc,0.004,0,0,630,63,33
middle_end/flambda2/terms/coeffects.ml/generate/compile_phrases/regalloc/cfg/cfg_irc,,0,0,68,0,0
middle_end/flambda2/types/grammar/type_descr.ml/generate/compile_phrases/regalloc/cfg/cfg_irc,0.006,0,0,1075,54,42
middle_end/flambda2/terms/cost_metrics.ml/generate/compile_phrases/regalloc/cfg/cfg_irc,0.002,0,0,384,25,24
middle_end/flambda2/terms/effects_and_coeffects.ml/generate/compile_phrases/regalloc/cfg/cfg_irc,0.001,0,0,127,11,7
middle_end/flambda2/types/join_levels.ml/generate/compile_phrases/regalloc/cfg/cfg_irc,0.011,0,0,1543,154,106
middle_end/flambda2/terms/flambda_unit.ml/generate/compile_phrases/regalloc/cfg/cfg_irc,0.001,0,0,123,7,7
middle_end/flambda2/types/grammar/set_of_closures_contents.ml/generate/compile_phrases/regalloc/cfg/cfg_irc,0.010,0,0,1804,46,43
middle_end/flambda2/term_basics/simple.ml/generate/compile_phrases/regalloc/cfg/cfg_irc,0.015,0,0,2515,98,67
middle_end/flambda2/terms/apply_cont_expr.ml/generate/compile_phrases/regalloc/cfg/cfg_irc,0.007,0,0,1326,60,36
middle_end/flambda2/types/grammar/more_type_creators.ml/generate/compile_phrases/regalloc/cfg/cfg_irc,0.012,0,0,2196,92,77
middle_end/flambda2/types/env/typing_env_level.ml/generate/compile_phrases/regalloc/cfg/cfg_irc,0.006,0,0,1113,81,42
middle_end/flambda2/terms/call_kind.ml/generate/compile_phrases/regalloc/cfg/cfg_irc,0.006,0,0,1182,80,66
middle_end/flambda2/terms/inline_attribute.ml/generate/compile_phrases/regalloc/cfg/cfg_irc,0.003,0,0,183,1,1
middle_end/flambda2/terms/code_or_metadata.ml/generate/compile_phrases/regalloc/cfg/cfg_irc,0.006,0,0,1094,74,59
middle_end/flambda2/terms/placement.ml/generate/compile_phrases/regalloc/cfg/cfg_irc,,0,0,66,0,0
middle_end/flambda2/terms/loopify_attribute.ml/generate/compile_phrases/regalloc/cfg/cfg_irc,0.001,0,0,160,0,0
middle_end/flambda2/terms/function_declarations.ml/generate/compile_phrases/regalloc/cfg/cfg_irc,0.002,0,0,371,14,14
middle_end/flambda2/terms/inlining_state.ml/generate/compile_phrases/regalloc/cfg/cfg_irc,0.001,0,0,183,10,8
middle_end/flambda2/terms/exn_continuation.ml/generate/compile_phrases/regalloc/cfg/cfg_irc,0.005,0,0,893,38,35
middle_end/flambda2/terms/poll_attribute.ml/generate/compile_phrases/regalloc/cfg/cfg_irc,0.001,0,0,109,0,0
middle_end/flambda2/terms/recursive.ml/generate/compile_phrases/regalloc/cfg/cfg_irc,,0,0,94,0,0
middle_end/flambda2/terms/mutability.ml/generate/compile_phrases/regalloc/cfg/cfg_irc,0.001,0,0,170,0,0
middle_end/flambda2/terms/inlined_attribute.ml/generate/compile_phrases/regalloc/cfg/cfg_irc,0.002,0,0,360,5,5
middle_end/flambda2/terms/probe.ml/generate/compile_phrases/regalloc/cfg/cfg_irc,0.001,0,0,168,2,2
middle_end/flambda2/terms/function_decl_inlining_decision_type.ml/generate/compile_phrases/regalloc/cfg/cfg_irc,0.005,0,0,794,19,17
middle_end/flambda2/terms/code_size.ml/generate/compile_phrases/regalloc/cfg/cfg_irc,0.004,0,0,825,2,2
middle_end/flambda2/simplify_shared/are_rebuilding_terms.ml/generate/compile_phrases/regalloc/cfg/cfg_irc,,0,0,43,1,1
middle_end/flambda2/terms/removed_operations.ml/generate/compile_phrases/regalloc/cfg/cfg_irc,0.001,0,0,237,12,8
middle_end/flambda2/terms/apply_expr.ml/generate/compile_phrases/regalloc/cfg/cfg_irc,0.011,0,0,1959,107,90
middle_end/flambda2/numbers/numeric_types.ml/generate/compile_phrases/regalloc/cfg/cfg_irc,0.043,314,3,4730,375,44
middle_end/flambda2/types/expand_head.ml/generate/compile_phrases/regalloc/cfg/cfg_irc,0.022,0,0,2987,160,116
middle_end/flambda2/simplify/flambda2_simplify.ml-gen/generate/compile_phrases/regalloc/cfg/cfg_irc,,0,0,2,0,0
middle_end/flambda2/parser/flambda2_parser.ml-gen/generate/compile_phrases/regalloc/cfg/cfg_irc,,0,0,2,0,0
middle_end/flambda2/from_lambda/flambda2_from_lambda.ml-gen/generate/compile_phrases/regalloc/cfg/cfg_irc,,0,0,2,0,0
driver/flambda_backend_driver.ml-gen/generate/compile_phrases/regalloc/cfg/cfg_irc,,0,0,2,0,0
external/memtrace/src/memtrace__.ml-gen/generate/compile_phrases/regalloc/cfg/cfg_irc,,0,0,2,0,0
middle_end/flambda2/terms/trap_action.ml/generate/compile_phrases/regalloc/cfg/cfg_irc,0.003,0,0,327,20,20
middle_end/flambda2/terms/result_types.ml/generate/compile_phrases/regalloc/cfg/cfg_irc,0.009,0,0,960,91,58
middle_end/flambda2/simplify_shared/inlining_helpers.ml/generate/compile_phrases/regalloc/cfg/cfg_irc,0.008,0,0,657,93,74
ocaml/otherlibs/dynlink/dynlink_compilerlibs.ml-gen/generate/compile_phrases/regalloc/cfg/cfg_irc,,0,0,2,0,0
middle_end/flambda2/types/reify.ml/generate/compile_phrases/regalloc/cfg/cfg_irc,0.020,0,0,2675,192,155
middle_end/flambda2/terms/switch_expr.ml/generate/compile_phrases/regalloc/cfg/cfg_irc,0.003,0,0,593,42,35
middle_end/flambda2/cmx/exported_code.ml/generate/compile_phrases/regalloc/cfg/cfg_irc,0.004,0,0,554,32,22
ocaml/matching.ml/generate/compile_phrases/regalloc/cfg/cfg_irc,0.163,0,0,20716,1661,1337
middle_end/flambda2/simplify_shared/exported_offsets.ml/generate/compile_phrases/regalloc/cfg/cfg_irc,0.004,0,0,848,62,38
ocaml/typedecl.ml/generate/compile_phrases/regalloc/cfg/cfg_irc,0.403,18,1,21118,2188,1702
middle_end/flambda2/terms/set_of_closures.ml/generate/compile_phrases/regalloc/cfg/cfg_irc,0.006,0,0,1027,50,36
middle_end/flambda2/simplify_shared/call_site_inlining_decision_type.ml/generate/compile_phrases/regalloc/cfg/cfg_irc,0.004,0,0,825,9,9
middle_end/flambda2/algorithms/container_types.ml/generate/compile_phrases/regalloc/cfg/cfg_irc,0.022,99,0,3887,306,163
middle_end/flambda2/to_cmm/to_cmm_result.ml/generate/compile_phrases/regalloc/cfg/cfg_irc,0.007,0,0,980,71,60
middle_end/flambda2/cmx/flambda_cmx.ml/generate/compile_phrases/regalloc/cfg/cfg_irc,0.007,0,0,988,87,57
middle_end/flambda2/terms/inlining_history.ml/generate/compile_phrases/regalloc/cfg/cfg_irc,0.006,0,0,1253,70,68
middle_end/flambda2/terms/code_metadata.ml/generate/compile_phrases/regalloc/cfg/cfg_irc,0.041,71,0,3206,512,374
middle_end/flambda2/terms/inlining_arguments.ml/generate/compile_phrases/regalloc/cfg/cfg_irc,0.011,0,0,1534,158,59
ocaml/env.ml/generate/compile_phrases/regalloc/cfg/cfg_irc,0.154,2,0,24014,1996,1541
external/memtrace/src/geometric_sampler.ml/generate/compile_phrases/regalloc/cfg/cfg_irc,0.001,0,0,164,6,6
middle_end/flambda2/to_cmm/to_cmm_effects.ml/generate/compile_phrases/regalloc/cfg/cfg_irc,0.001,0,0,163,6,6
ocaml/otherlibs/unix/unix.cmxs/regalloc/cfg/cfg_irc,0.006,0,0,974,9,7
ocaml/lex/cset.ml/generate/compile_phrases/regalloc/cfg/cfg_irc,0.002,0,0,390,21,21
middle_end/flambda2/to_cmm/to_cmm_shared.ml/generate/compile_phrases/regalloc/cfg/cfg_irc,0.011,0,0,2036,95,70
middle_end/flambda2/types/env/aliases.ml/generate/compile_phrases/regalloc/cfg/cfg_irc,0.031,0,0,5684,456,286
ocaml/lex/table.ml/generate/compile_phrases/regalloc/cfg/cfg_irc,0.002,0,0,287,11,10
middle_end/flambda2/parser/fexpr.ml/generate/compile_phrases/regalloc/cfg/cfg_irc,,0,0,2,0,0
external/memtrace/src/buf.ml/generate/compile_phrases/regalloc/cfg/cfg_irc,0.005,0,0,1248,14,14
middle_end/flambda2/types/provers.ml/generate/compile_phrases/regalloc/cfg/cfg_irc,0.027,0,0,4805,200,155
middle_end/flambda2/simplify/loopify_state.ml/generate/compile_phrases/regalloc/cfg/cfg_irc,,0,0,67,1,1
middle_end/flambda2/simplify/inlining/function_decl_inlining_decision.ml/generate/compile_phrases/regalloc/cfg/cfg_irc,0.002,0,0,195,21,11
middle_end/flambda2/simplify/env/closure_info.ml/generate/compile_phrases/regalloc/cfg/cfg_irc,0.001,0,0,122,2,2
middle_end/flambda2/simplify/non_constructed_code.ml/generate/compile_phrases/regalloc/cfg/cfg_irc,0.001,0,0,149,5,5
middle_end/flambda2/parser/flambda_parser_messages.ml/generate/compile_phrases/regalloc/cfg/cfg_irc,0.004,0,0,596,0,0
ocaml/typemod.ml/generate/compile_phrases/regalloc/cfg/cfg_irc,0.237,5,0,24110,2337,1544
middle_end/flambda2/identifiers/int_ids.ml/generate/compile_phrases/regalloc/cfg/cfg_irc,0.099,199,3,9181,667,166
middle_end/flambda2/simplify/named_rewrite.ml/generate/compile_phrases/regalloc/cfg/cfg_irc,0.001,0,0,200,2,2
middle_end/flambda2/simplify/comparison_result.ml/generate/compile_phrases/regalloc/cfg/cfg_irc,0.002,0,0,236,9,9
ocaml/otherlibs/dynlink/int_replace_polymorphic_compare.ml/generate/compile_phrases/regalloc/cfg/cfg_irc,,0,0,40,0,0
middle_end/flambda2/terms/static_const.ml/generate/compile_phrases/regalloc/cfg/cfg_irc,0.027,6,0,4486,204,181
ocaml/otherlibs/dynlink/runtimetags.ml/generate/compile_phrases/regalloc/cfg/cfg_irc,,0,0,2,0,0
ocaml/otherlibs/dynlink/opcodes.ml/generate/compile_phrases/regalloc/cfg/cfg_irc,,0,0,2,0,0
middle_end/flambda2/kinds/flambda_kind.ml/generate/compile_phrases/regalloc/cfg/cfg_irc,0.065,432,0,8467,612,152
ocaml/otherlibs/dynlink/lazy_backtrack.ml/generate/compile_phrases/regalloc/cfg/cfg_irc,0.001,0,0,219,11,9
middle_end/flambda2/simplify/simplified_named.ml/generate/compile_phrases/regalloc/cfg/cfg_irc,0.005,0,0,325,17,17
ocaml/otherlibs/dynlink/language_extension_kernel.ml/generate/compile_phrases/regalloc/cfg/cfg_irc,0.001,0,0,207,2,2
ocaml/otherlibs/dynlink/runtimedef.ml/generate/compile_phrases/regalloc/cfg/cfg_irc,0.001,0,0,16,1,1
ocaml/otherlibs/dynlink/zero_alloc_annotations.ml/generate/compile_phrases/regalloc/cfg/cfg_irc,,0,0,81,4,4
ocaml/otherlibs/dynlink/arg_helper.ml/generate/compile_phrases/regalloc/cfg/cfg_irc,0.004,4,0,788,50,34
ocaml/otherlibs/dynlink/local_store.ml/generate/compile_phrases/regalloc/cfg/cfg_irc,0.001,0,0,245,4,4
middle_end/flambda2/simplify/continuation_extra_params_and_args.ml/generate/compile_phrases/regalloc/cfg/cfg_irc,0.004,0,0,606,28,28
ocaml/otherlibs/dynlink/bytesections.ml/generate/compile_phrases/regalloc/cfg/cfg_irc,0.011,0,0,723,55,44
ocaml/otherlibs/dynlink/terminfo.ml/generate/compile_phrases/regalloc/cfg/cfg_irc,0.005,0,0,162,6,5
ocaml/lex/syntax.ml/generate/compile_phrases/regalloc/cfg/cfg_irc,,0,0,2,0,0
middle_end/flambda2/simplify/rebuilt_expr.ml/generate/compile_phrases/regalloc/cfg/cfg_irc,0.010,0,0,765,54,49
ocaml/otherlibs/dynlink/config.ml/generate/compile_phrases/regalloc/cfg/cfg_irc,0.011,6,0,1529,139,119
ocaml/otherlibs/dynlink/build_path_prefix_map.ml/generate/compile_phrases/regalloc/cfg/cfg_irc,0.009,0,0,1175,63,61
middle_end/flambda2/nominal/name_occurrences.ml/generate/compile_phrases/regalloc/cfg/cfg_irc,0.058,1,0,9169,679,454
external/memtrace/src/memprof_tracer.ml/generate/compile_phrases/regalloc/cfg/cfg_irc,0.007,0,0,873,63,44
external/memtrace/src/backtrace_codec.ml/generate/compile_phrases/regalloc/cfg/cfg_irc,0.012,0,0,1384,99,89
middle_end/flambda2/from_lambda/lambda_to_flambda_env.ml/generate/compile_phrases/regalloc/cfg/cfg_irc,0.012,0,0,2130,152,116
middle_end/flambda2/simplify/continuation_in_env.ml/generate/compile_phrases/regalloc/cfg/cfg_irc,0.001,0,0,217,9,9
external/memtrace/src/location_codec.ml/generate/compile_phrases/regalloc/cfg/cfg_irc,0.005,0,0,874,73,53
middle_end/flambda2/types/env/typing_env.ml/generate/compile_phrases/regalloc/cfg/cfg_irc,0.051,0,0,8098,666,414
ocaml/otherlibs/dynlink/zero_alloc_utils.ml/generate/compile_phrases/regalloc/cfg/cfg_irc,0.008,5,0,1436,83,55
ocaml/otherlibs/dynlink/longident.ml/generate/compile_phrases/regalloc/cfg/cfg_irc,0.001,0,0,278,15,19
external/memtrace/src/memtrace.ml/generate/compile_phrases/regalloc/cfg/cfg_irc,0.003,0,0,308,19,12
ocaml/otherlibs/dynlink/linkage_name.ml/generate/compile_phrases/regalloc/cfg/cfg_irc,,0,0,121,0,0
ocaml/otherlibs/dynlink/binutils.ml/generate/compile_phrases/regalloc/cfg/cfg_irc,0.024,0,0,3631,264,178
middle_end/flambda2/simplify/apply_cont_rewrite.ml/generate/compile_phrases/regalloc/cfg/cfg_irc,0.014,0,0,1428,146,107
middle_end/flambda2/simplify_shared/inlining_report.ml/generate/compile_phrases/regalloc/cfg/cfg_irc,0.045,0,0,6083,496,314
middle_end/flambda2/to_cmm/to_cmm_static.ml/generate/compile_phrases/regalloc/cfg/cfg_irc,0.033,0,0,4133,276,212
ocaml/otherlibs/str/str.ml/generate/compile_phrases/regalloc/cfg/cfg_irc,0.042,3,0,6356,510,411
middle_end/flambda2/simplify/flow/flow_types.ml/generate/compile_phrases/regalloc/cfg/cfg_irc,0.006,0,0,1110,57,56
ocaml/otherlibs/dynlink/dll.ml/generate/compile_phrases/regalloc/cfg/cfg_irc,0.008,0,0,1196,76,68
middle_end/flambda2/simplify/flow/flow.ml/generate/compile_phrases/regalloc/cfg/cfg_irc,,0,0,66,0,0
middle_end/flambda2/terms/flambda.ml/generate/compile_phrases/regalloc/cfg/cfg_irc,0.043,0,0,7805,438,351
ocaml/otherlibs/dynlink/syntaxerr.ml/generate/compile_phrases/regalloc/cfg/cfg_irc,0.003,0,0,34,0,0
middle_end/flambda2/simplify/rebuilt_static_const.ml/generate/compile_phrases/regalloc/cfg/cfg_irc,0.009,0,0,2069,111,108
ocaml/otherlibs/dynlink/language_extension.ml/generate/compile_phrases/regalloc/cfg/cfg_irc,0.008,0,0,1540,72,63
middle_end/flambda2/simplify/common_subexpression_elimination.ml/generate/compile_phrases/regalloc/cfg/cfg_irc,0.023,1,0,2271,242,158
middle_end/flambda2/simplify/env/upwards_env.ml/generate/compile_phrases/regalloc/cfg/cfg_irc,0.005,0,0,868,89,45
ocaml/otherlibs/dynlink/consistbl.ml/generate/compile_phrases/regalloc/cfg/cfg_irc,0.003,0,0,584,36,34
middle_end/flambda2/from_lambda/lambda_to_flambda_primitives_helpers.ml/generate/compile_phrases/regalloc/cfg/cfg_irc,0.015,0,0,2436,161,148
ocaml/otherlibs/dynlink/numbers.ml/generate/compile_phrases/regalloc/cfg/cfg_irc,0.004,0,0,595,6,6
ocaml/otherlibs/dynlink/debug.ml/generate/compile_phrases/regalloc/cfg/cfg_irc,,0,0,94,6,5
middle_end/flambda2/simplify/number_adjuncts.ml/generate/compile_phrases/regalloc/cfg/cfg_irc,0.027,8,0,3318,167,119
middle_end/flambda2/parser/flambda_lex.ml/generate/compile_phrases/regalloc/cfg/cfg_irc,0.015,0,0,1682,87,86
middle_end/flambda2/simplify/env/continuation_uses_env_intf.ml/generate/compile_phrases/regalloc/cfg/cfg_irc,,0,0,2,0,0
external/memtrace/src/trace.ml/generate/compile_phrases/regalloc/cfg/cfg_irc,0.046,0,0,4979,508,328
ocaml/lex/common.ml/generate/compile_phrases/regalloc/cfg/cfg_irc,0.008,0,0,1220,99,66
middle_end/flambda2/simplify/env/one_continuation_use.ml/generate/compile_phrases/regalloc/cfg/cfg_irc,0.001,0,0,126,7,7
middle_end/flambda2/simplify/flow/dominator_graph.ml/generate/compile_phrases/regalloc/cfg/cfg_irc,0.018,0,0,2912,222,164
ocaml/lex/compact.ml/generate/compile_phrases/regalloc/cfg/cfg_irc,0.012,0,0,1431,128,95
ocaml/otherlibs/dynlink/load_path.ml/generate/compile_phrases/regalloc/cfg/cfg_irc,0.012,0,0,2409,139,113
ocaml/otherlibs/stdlib_alpha/stdlib_alpha__.ml-gen/generate/compile_phrases/regalloc/cfg/cfg_irc,,0,0,2,0,0
ocaml/otherlibs/dynlink/jkind_intf.ml/generate/compile_phrases/regalloc/cfg/cfg_irc,,0,0,2,0,0
ocaml/otherlibs/stdlib_stable/stdlib_stable__.ml-gen/generate/compile_phrases/regalloc/cfg/cfg_irc,,0,0,2,0,0
ocaml/otherlibs/stdlib_upstream_compatible/stdlib_upstream_compatible__.ml-gen/generate/compile_phrases/regalloc/cfg/cfg_irc,,0,0,2,0,0
ocaml/otherlibs/stdlib_beta/stdlib_beta.ml/generate/compile_phrases/regalloc/cfg/cfg_irc,0.001,0,0,2,0,0
middle_end/flambda2/simplify/flow/data_flow_graph.ml/generate/compile_phrases/regalloc/cfg/cfg_irc,0.024,0,0,3672,343,296
middle_end/flambda2/to_cmm/to_cmm_set_of_closures.ml/generate/compile_phrases/regalloc/cfg/cfg_irc,0.091,0,0,6827,814,518
middle_end/flambda2/simplify/flow/control_flow_graph.ml/generate/compile_phrases/regalloc/cfg/cfg_irc,0.025,1,0,3428,307,215
middle_end/flambda2/simplify/flow/flow_analysis.ml/generate/compile_phrases/regalloc/cfg/cfg_irc,0.007,0,0,979,80,35
ocaml/otherlibs/dynlink/identifiable.ml/generate/compile_phrases/regalloc/cfg/cfg_irc,0.010,0,0,2257,117,108
middle_end/flambda2/simplify/env/downwards_env.ml/generate/compile_phrases/regalloc/cfg/cfg_irc,0.019,0,0,4145,264,176
middle_end/flambda2/simplify/flow/flow_acc.ml/generate/compile_phrases/regalloc/cfg/cfg_irc,0.019,0,0,3333,181,121
middle_end/flambda2/parser/parse_flambda.ml/generate/compile_phrases/regalloc/cfg/cfg_irc,0.008,1,0,1311,72,57
ocaml/otherlibs/dynlink/ident.ml/generate/compile_phrases/regalloc/cfg/cfg_irc,0.012,0,0,2086,127,104
ocaml/otherlibs/dynlink/import_info.ml/generate/compile_phrases/regalloc/cfg/cfg_irc,0.002,0,0,406,9,8
middle_end/flambda2/simplify/lifting/lifted_constant.ml/generate/compile_phrases/regalloc/cfg/cfg_irc,0.013,0,0,1709,123,89
ocaml/otherlibs/str/str.cmxs/regalloc/cfg/cfg_irc,0.001,0,0,212,7,5
ocaml/otherlibs/dynlink/compilation_unit.ml/generate/compile_phrases/regalloc/cfg/cfg_irc,0.008,0,0,1637,123,102
ocaml/lex/output.ml/generate/compile_phrases/regalloc/cfg/cfg_irc,0.016,2,2,1566,155,83
ocaml/otherlibs/dynlink/symbol.ml/generate/compile_phrases/regalloc/cfg/cfg_irc,0.003,0,0,654,33,29
middle_end/flambda2/simplify/env/continuation_uses.ml/generate/compile_phrases/regalloc/cfg/cfg_irc,0.004,0,0,898,78,62
ocaml/otherlibs/dynlink/attr_helper.ml/generate/compile_phrases/regalloc/cfg/cfg_irc,0.001,0,0,190,3,3
middle_end/flambda2/types/meet_and_join_old.ml/generate/compile_phrases/regalloc/cfg/cfg_irc,0.093,3,3,12054,911,687
middle_end/flambda2/to_cmm/to_cmm_expr.ml/generate/compile_phrases/regalloc/cfg/cfg_irc,0.060,0,0,7186,777,440
middle_end/flambda2/to_cmm/to_cmm_env.ml/generate/compile_phrases/regalloc/cfg/cfg_irc,0.076,6,0,7274,816,559
ocaml/otherlibs/stdlib_alpha/capsule.ml/generate/compile_phrases/regalloc/cfg/cfg_irc,0.002,0,0,193,15,12
middle_end/flambda2/simplify/lifting/lifted_constant_state.ml/generate/compile_phrases/regalloc/cfg/cfg_irc,0.008,0,0,1281,89,78
ocaml/otherlibs/dynlink/path.ml/generate/compile_phrases/regalloc/cfg/cfg_irc,0.020,0,0,3465,350,252
ocaml/otherlibs/dynlink/clflags.ml/generate/compile_phrases/regalloc/cfg/cfg_irc,0.077,67,1,3496,403,285
ocaml/otherlibs/stdlib_alpha/or_null.ml/generate/compile_phrases/regalloc/cfg/cfg_irc,0.001,0,0,148,0,0
middle_end/flambda2/simplify/env/continuation_uses_env.ml/generate/compile_phrases/regalloc/cfg/cfg_irc,0.005,0,0,323,14,13
middle_end/flambda2/from_lambda/closure_conversion_aux.ml/generate/compile_phrases/regalloc/cfg/cfg_irc,0.093,6,0,7636,721,575
ocaml/tools/ocamldep.ml/generate/compile_phrases/regalloc/cfg/cfg_irc,,0,0,10,0,0
ocaml/otherlibs/stdlib_upstream_compatible/int32_u.ml/generate/compile_phrases/regalloc/cfg/cfg_irc,0.002,0,0,337,0,0
ocaml/otherlibs/stdlib_upstream_compatible/nativeint_u.ml/generate/compile_phrases/regalloc/cfg/cfg_irc,0.002,0,0,310,0,0
ocaml/main_native.ml/generate/compile_phrases/regalloc/cfg/cfg_irc,,0,0,32,1,1
ocaml/otherlibs/dynlink/warnings.ml/generate/compile_phrases/regalloc/cfg/cfg_irc,0.092,101,0,7216,795,293
ocaml/tools/ocamlmktop.ml/generate/compile_phrases/regalloc/cfg/cfg_irc,0.003,0,0,353,20,18
ocaml/otherlibs/stdlib_upstream_compatible/float_u.ml/generate/compile_phrases/regalloc/cfg/cfg_irc,0.004,1,0,539,44,9
ocaml/lex/outputbis.ml/generate/compile_phrases/regalloc/cfg/cfg_irc,0.019,0,0,2736,348,174
ocaml/otherlibs/dynlink/profile.ml/generate/compile_phrases/regalloc/cfg/cfg_irc,0.020,0,1,3032,219,174
ocaml/otherlibs/stdlib_upstream_compatible/int64_u.ml/generate/compile_phrases/regalloc/cfg/cfg_irc,0.004,0,0,338,0,0
ocaml/otherlibs/stdlib_alpha/stdlib_alpha.ml/generate/compile_phrases/regalloc/cfg/cfg_irc,,0,0,2,0,0
ocaml/otherlibs/stdlib_upstream_compatible/stdlib_upstream_compatible.ml/generate/compile_phrases/regalloc/cfg/cfg_irc,,0,0,2,0,0
middle_end/flambda2/simplify/flow/mutable_unboxing.ml/generate/compile_phrases/regalloc/cfg/cfg_irc,0.025,0,0,3902,332,206
ocaml/otherlibs/stdlib_stable/stdlib_stable.ml/generate/compile_phrases/regalloc/cfg/cfg_irc,,0,0,2,0,0
ocaml/otherlibs/systhreads4/native/thread.ml/generate/compile_phrases/regalloc/cfg/cfg_irc,0.007,0,0,487,27,19
ocaml/otherlibs/stdlib_stable/float32.ml/generate/compile_phrases/regalloc/cfg/cfg_irc,0.004,0,0,516,34,14
middle_end/flambda2/types/meet_and_join_new.ml/generate/compile_phrases/regalloc/cfg/cfg_irc,0.219,9,3,13281,1274,1000
ocaml/otherlibs/dynlink/zero_alloc.ml/generate/compile_phrases/regalloc/cfg/cfg_irc,0.006,0,0,598,19,17
ocaml/otherlibs/dynlink/location.ml/generate/compile_phrases/regalloc/cfg/cfg_irc,0.041,1,0,5841,362,268
tools/generate_cached_generic_functions.ml/generate/compile_phrases/regalloc/cfg/cfg_irc,0.005,0,0,744,44,38
ocaml/otherlibs/dynlink/docstrings.ml/generate/compile_phrases/regalloc/cfg/cfg_irc,0.012,0,0,1771,62,61
ocaml/otherlibs/dynlink/debuginfo.ml/generate/compile_phrases/regalloc/cfg/cfg_irc,0.011,1,0,1995,149,132
middle_end/flambda2/simplify/simplify_coercion.ml/generate/compile_phrases/regalloc/cfg/cfg_irc,,0,0,45,6,5
ocaml/otherlibs/stdlib_stable/float32_u.ml/generate/compile_phrases/regalloc/cfg/cfg_irc,0.006,0,0,941,0,0
middle_end/flambda2/simplify/env/downwards_acc.ml/generate/compile_phrases/regalloc/cfg/cfg_irc,0.007,0,0,1195,45,38
middle_end/flambda2/simplify/simplify_simple.ml/generate/compile_phrases/regalloc/cfg/cfg_irc,0.003,0,0,371,33,24
middle_end/flambda2/simplify/simplify_rec_info_expr.ml/generate/compile_phrases/regalloc/cfg/cfg_irc,0.003,0,0,461,38,31
middle_end/flambda2/terms/flambda_primitive.ml/generate/compile_phrases/regalloc/cfg/cfg_irc,0.073,0,0,12511,384,337
ocaml/otherlibs/systhreads4/native/event.ml/generate/compile_phrases/regalloc/cfg/cfg_irc,0.014,0,0,1778,118,96
ocaml/otherlibs/stdlib_alpha/stdlib_alpha.cmxs/regalloc/cfg/cfg_irc,0.001,0,0,172,3,2
ocaml/otherlibs/stdlib_upstream_compatible/stdlib_upstream_compatible.cmxs/regalloc/cfg/cfg_irc,0.001,0,0,175,0,0
middle_end/flambda2/simplify/simplify_named_result.ml/generate/compile_phrases/regalloc/cfg/cfg_irc,0.001,0,0,131,6,5
ocaml/otherlibs/dynlink/shape.ml/generate/compile_phrases/regalloc/cfg/cfg_irc,0.022,0,0,3844,302,236
ocaml/otherlibs/dynlink/jkind_axis.ml/generate/compile_phrases/regalloc/cfg/cfg_irc,0.003,0,0,661,16,11
middle_end/flambda2/simplify/simplify_primitive_result.ml/generate/compile_phrases/regalloc/cfg/cfg_irc,0.005,0,0,178,11,11
middle_end/flambda2/simplify/env/upwards_acc.ml/generate/compile_phrases/regalloc/cfg/cfg_irc,0.006,0,0,1152,45,39
ocaml/lex/main_native.ml/generate/compile_phrases/regalloc/cfg/cfg_irc,0.006,0,0,785,66,49
ocaml/lex/parser.ml/generate/compile_phrases/regalloc/cfg/cfg_irc,0.009,0,0,2235,22,22
middle_end/flambda2/simplify/simplify_import.ml/generate/compile_phrases/regalloc/cfg/cfg_irc,,0,0,6,0,0
middle_end/flambda2/types/grammar/type_grammar.ml/generate/compile_phrases/regalloc/cfg/cfg_irc,0.092,0,0,15753,879,720
ocaml/otherlibs/dynlink/jkind_types.ml/generate/compile_phrases/regalloc/cfg/cfg_irc,0.004,0,0,721,19,19
middle_end/flambda2/simplify/simplify_nullary_primitive.ml/generate/compile_phrases/regalloc/cfg/cfg_irc,0.002,0,0,228,20,18
ocaml/tools/ocamlmklib.ml/generate/compile_phrases/regalloc/cfg/cfg_irc,0.044,8,0,3406,298,202
ocaml/otherlibs/dynlink/solver.ml/generate/compile_phrases/regalloc/cfg/cfg_irc,0.049,197,0,6388,764,404
middle_end/flambda2/algorithms/patricia_tree.ml/generate/compile_phrases/regalloc/cfg/cfg_irc,0.483,0,0,27641,4145,3366
tools/flambda_backend_objinfo.ml/generate/compile_phrases/regalloc/cfg/cfg_irc,0.024,0,0,3315,248,187
middle_end/flambda2/simplify/simplify_ternary_primitive.ml/generate/compile_phrases/regalloc/cfg/cfg_irc,0.013,0,0,662,86,78
ocaml/lex/lexer.ml/generate/compile_phrases/regalloc/cfg/cfg_irc,0.022,0,0,2654,138,137
middle_end/flambda2/simplify/inlining/inlining_transforms.ml/generate/compile_phrases/regalloc/cfg/cfg_irc,0.009,0,0,1096,124,96
middle_end/flambda2/simplify/simplify_variadic_primitive.ml/generate/compile_phrases/regalloc/cfg/cfg_irc,0.010,0,0,988,95,54
ocaml/otherlibs/stdlib_stable/iarray.ml/generate/compile_phrases/regalloc/cfg/cfg_irc,0.053,0,0,5355,414,374
middle_end/flambda2/simplify/simplify_apply_cont_expr.ml/generate/compile_phrases/regalloc/cfg/cfg_irc,0.005,0,0,696,75,45
middle_end/flambda2/simplify/inlining/call_site_inlining_decision.ml/generate/compile_phrases/regalloc/cfg/cfg_irc,0.007,0,0,929,90,60
middle_end/flambda2/simplify/join_points.ml/generate/compile_phrases/regalloc/cfg/cfg_irc,0.010,0,0,1142,127,98
ocaml/otherlibs/stdlib_stable/iarrayLabels.ml/generate/compile_phrases/regalloc/cfg/cfg_irc,0.059,0,0,6016,451,402
middle_end/flambda2/simplify/simplify.ml/generate/compile_phrases/regalloc/cfg/cfg_irc,0.006,0,0,479,60,30
middle_end/flambda2/simplify/lifting/reification.ml/generate/compile_phrases/regalloc/cfg/cfg_irc,0.010,0,0,1133,88,50
middle_end/flambda2/simplify/simplify_common.ml/generate/compile_phrases/regalloc/cfg/cfg_irc,0.024,0,0,1831,195,136
ocaml/otherlibs/dynlink/jane_syntax_parsing.ml/generate/compile_phrases/regalloc/cfg/cfg_irc,0.024,0,0,4318,289,218
middle_end/flambda2/to_cmm/to_cmm_primitive.ml/generate/compile_phrases/regalloc/cfg/cfg_irc,0.043,0,0,6731,449,321
middle_end/flambda2/simplify/unboxing/unboxers.ml/generate/compile_phrases/regalloc/cfg/cfg_irc,0.002,0,0,401,8,8
middle_end/flambda2/simplify/simplify_primitive.ml/generate/compile_phrases/regalloc/cfg/cfg_irc,0.040,0,0,1313,247,82
middle_end/flambda2/simplify/simplify_expr.ml/generate/compile_phrases/regalloc/cfg/cfg_irc,0.004,0,0,698,55,37
middle_end/flambda2/simplify/expr_builder.ml/generate/compile_phrases/regalloc/cfg/cfg_irc,0.038,0,0,4051,422,287
middle_end/flambda2/simplify/simplify_let_expr.ml/generate/compile_phrases/regalloc/cfg/cfg_irc,0.012,0,0,1510,156,103
tools/merge_archives.ml/generate/compile_phrases/regalloc/cfg/cfg_irc,0.020,1,0,2816,251,197
middle_end/flambda2/simplify/simplify_extcall.ml/generate/compile_phrases/regalloc/cfg/cfg_irc,0.014,0,0,1571,139,74
ocaml/otherlibs/dynlink/primitive.ml/generate/compile_phrases/regalloc/cfg/cfg_irc,0.046,4,2,3191,272,232
middle_end/flambda2/parser/flambda_parser.ml/generate/compile_phrases/regalloc/cfg/cfg_irc,0.081,13,0,10036,73,56
middle_end/flambda2/simplify/simplify_set_of_closures_context.ml/generate/compile_phrases/regalloc/cfg/cfg_irc,0.008,0,0,1315,107,78
middle_end/flambda2/simplify/simplify_named.ml/generate/compile_phrases/regalloc/cfg/cfg_irc,0.011,0,0,1151,131,70
middle_end/flambda2/simplify/unboxing/unboxing_types.ml/generate/compile_phrases/regalloc/cfg/cfg_irc,0.004,0,0,788,32,31
middle_end/flambda2/parser/print_fexpr.ml/generate/compile_phrases/regalloc/cfg/cfg_irc,0.058,0,0,10189,311,266
ocaml/ctype.ml/generate/compile_phrases/regalloc/cfg/cfg_irc,0.715,9,0,44983,5310,3380
middle_end/flambda2/simplify/unboxing/is_unboxing_beneficial.ml/generate/compile_phrases/regalloc/cfg/cfg_irc,0.002,0,0,356,27,27
middle_end/flambda2/simplify/simplify_static_const.ml/generate/compile_phrases/regalloc/cfg/cfg_irc,0.018,0,0,2577,224,168
ocaml/otherlibs/dynlink/typemode.ml/generate/compile_phrases/regalloc/cfg/cfg_irc,0.005,0,0,1110,48,39
ocaml/otherlibs/dynlink/builtin_attributes.ml/generate/compile_phrases/regalloc/cfg/cfg_irc,0.032,0,0,5409,256,215
ocaml/otherlibs/stdlib_stable/stdlib_stable.cmxs/regalloc/cfg/cfg_irc,0.006,0,0,728,4,3
ocaml/otherlibs/dynlink/misc.ml/generate/compile_phrases/regalloc/cfg/cfg_irc,0.121,9,2,14002,1003,833
ocaml/otherlibs/dynlink/printast.ml/generate/compile_phrases/regalloc/cfg/cfg_irc,0.047,0,0,7360,1204,910
ocaml/otherlibs/dynlink/ast_iterator.ml/generate/compile_phrases/regalloc/cfg/cfg_irc,0.035,0,0,4688,623,337
middle_end/flambda2/simplify/unboxing/unbox_continuation_params.ml/generate/compile_phrases/regalloc/cfg/cfg_irc,0.008,0,0,671,69,49
middle_end/flambda2/simplify/unboxing/optimistic_unboxing_decision.ml/generate/compile_phrases/regalloc/cfg/cfg_irc,0.007,0,0,1037,101,66
driver/optcompile.ml/generate/compile_phrases/regalloc/cfg/cfg_irc,0.002,0,0,496,31,24
middle_end/flambda2/simplify/unboxing/build_unboxing_denv.ml/generate/compile_phrases/regalloc/cfg/cfg_irc,0.016,0,0,1743,151,110
ocaml/otherlibs/dynlink/cmi_format.ml/generate/compile_phrases/regalloc/cfg/cfg_irc,0.011,2,0,1243,120,76
ocaml/otherlibs/dynlink/datarepr.ml/generate/compile_phrases/regalloc/cfg/cfg_irc,0.010,0,0,1351,126,112
ocaml/otherlibs/dynlink/ast_helper.ml/generate/compile_phrases/regalloc/cfg/cfg_irc,0.038,0,0,6952,149,148
middle_end/flambda2/parser/fexpr_to_flambda.ml/generate/compile_phrases/regalloc/cfg/cfg_irc,0.085,2,0,8088,740,623
middle_end/flambda2/simplify/simplify_switch_expr.ml/generate/compile_phrases/regalloc/cfg/cfg_irc,0.048,0,0,4352,477,222
ocaml/otherlibs/dynlink/types.ml/generate/compile_phrases/regalloc/cfg/cfg_irc,0.018,0,0,3382,199,162
middle_end/flambda2/flambda2.ml/generate/compile_phrases/regalloc/cfg/cfg_irc,0.006,0,0,1102,86,45
ocaml/otherlibs/dynlink/jane_syntax.ml/generate/compile_phrases/regalloc/cfg/cfg_irc,0.033,0,0,6636,292,260
middle_end/flambda2/from_lambda/lambda_to_flambda.ml/generate/compile_phrases/regalloc/cfg/cfg_irc,0.122,1,0,12626,1170,895
flambda_backend_main_native.ml/generate/compile_phrases/regalloc/cfg/cfg_irc,,0,0,66,1,1
ocaml/otherlibs/dynlink/meta.ml/generate/compile_phrases/regalloc/cfg/cfg_irc,,0,0,2,0,0
middle_end/flambda2/simplify/unboxing/unboxing_epa.ml/generate/compile_phrases/regalloc/cfg/cfg_irc,0.013,0,0,2191,210,158
middle_end/flambda2/simplify/simplify_set_of_closures.ml/generate/compile_phrases/regalloc/cfg/cfg_irc,0.059,0,0,5157,641,406
ocaml/otherlibs/dynlink/instruct.ml/generate/compile_phrases/regalloc/cfg/cfg_irc,,0,0,2,0,0
middle_end/flambda2/simplify/simplify_let_cont_expr.ml/generate/compile_phrases/regalloc/cfg/cfg_irc,0.051,1,0,6258,711,477
ocaml/otherlibs/dynlink/dynlink_platform_intf.ml/generate/compile_phrases/regalloc/cfg/cfg_irc,,0,0,2,0,0
ocaml/otherlibs/dynlink/predef.ml/generate/compile_phrases/regalloc/cfg/cfg_irc,0.065,2,0,3909,451,294
ocaml/otherlibs/dynlink/shape_reduce.ml/generate/compile_phrases/regalloc/cfg/cfg_irc,0.016,0,0,1816,131,107
ocaml/otherlibs/dynlink/persistent_env.ml/generate/compile_phrases/regalloc/cfg/cfg_irc,0.024,0,0,3437,258,193
ocaml/otherlibs/dynlink/dynlink.ml/generate/compile_phrases/regalloc/cfg/cfg_irc,0.001,0,0,82,0,0
middle_end/flambda2/simplify/simplify_apply_expr.ml/generate/compile_phrases/regalloc/cfg/cfg_irc,0.104,0,0,6373,837,497
ocaml/otherlibs/dynlink/dynlink_types.ml/generate/compile_phrases/regalloc/cfg/cfg_irc,0.017,0,0,1519,102,91
ocaml/ocamldoc/odoc_latex_style.ml/generate/compile_phrases/regalloc/cfg/cfg_irc,,0,0,2,0,0
ocaml/ocamldoc/odoc_comments_global.ml/generate/compile_phrases/regalloc/cfg/cfg_irc,0.001,0,0,139,0,0
ocaml/ocamldoc/odoc_config.ml/generate/compile_phrases/regalloc/cfg/cfg_irc,,0,0,21,0,0
ocaml/ocamldoc/odoc_types.ml/generate/compile_phrases/regalloc/cfg/cfg_irc,,0,0,37,0,0
ocaml/otherlibs/dynlink/dynlink_internal_native.ml/generate/compile_phrases/regalloc/cfg/cfg_irc,0.008,0,0,780,42,39
ocaml/otherlibs/dynlink/dynlink_internal_byte.ml/generate/compile_phrases/regalloc/cfg/cfg_irc,0.012,0,0,1177,87,54
ocaml/otherlibs/dynlink/typedtree.ml/generate/compile_phrases/regalloc/cfg/cfg_irc,0.019,0,0,2233,123,108
ocaml/otherlibs/dynlink/oprint.ml/generate/compile_phrases/regalloc/cfg/cfg_irc,0.069,33,1,10625,622,471
ocaml/otherlibs/dynlink/subst.ml/generate/compile_phrases/regalloc/cfg/cfg_irc,0.041,0,0,5600,542,363
ocaml/ocamldoc/odoc_print.ml/generate/compile_phrases/regalloc/cfg/cfg_irc,0.003,0,0,568,26,21
ocaml/ocamldoc/odoc_global.ml/generate/compile_phrases/regalloc/cfg/cfg_irc,0.006,41,0,397,83,42
ocaml/ocamldoc/odoc_type.ml/generate/compile_phrases/regalloc/cfg/cfg_irc,,0,0,2,0,0
middle_end/flambda2/simplify/simplify_unary_primitive.ml/generate/compile_phrases/regalloc/cfg/cfg_irc,0.092,9,0,10634,810,440
ocaml/otherlibs/dynlink/dynlink_common.ml/generate/compile_phrases/regalloc/cfg/cfg_irc,0.020,83,0,2674,285,148
ocaml/ocamldoc/odoc_parameter.ml/generate/compile_phrases/regalloc/cfg/cfg_irc,0.004,0,0,382,23,21
ocaml/lex/lexgen.ml/generate/compile_phrases/regalloc/cfg/cfg_irc,0.088,1,0,15706,1584,1236
ocaml/otherlibs/dynlink/symtable.ml/generate/compile_phrases/regalloc/cfg/cfg_irc,0.018,0,0,3024,171,144
ocaml/ocamldoc/odoc_extension.ml/generate/compile_phrases/regalloc/cfg/cfg_irc,,0,0,5,0,0
ocaml/ocamldoc/odoc_exception.ml/generate/compile_phrases/regalloc/cfg/cfg_irc,,0,0,2,0,0
ocaml/ocamldoc/odoc_value.ml/generate/compile_phrases/regalloc/cfg/cfg_irc,0.002,0,0,311,13,13
native_toplevel/opttopstart.ml/generate/compile_phrases/regalloc/cfg/cfg_irc,,0,0,28,1,1
ocaml/ocamldoc/odoc_see_lexer.ml/generate/compile_phrases/regalloc/cfg/cfg_irc,0.008,0,0,784,40,40
native_toplevel/opttopmain.ml/generate/compile_phrases/regalloc/cfg/cfg_irc,0.014,0,0,1395,42,26
middle_end/flambda2/parser/flambda_to_fexpr.ml/generate/compile_phrases/regalloc/cfg/cfg_irc,0.112,1,0,11795,980,706
ocaml/ocamldoc/odoc_env.ml/generate/compile_phrases/regalloc/cfg/cfg_irc,0.016,0,0,1663,152,137
ocaml/ocamldoc/odoc_parser.ml/generate/compile_phrases/regalloc/cfg/cfg_irc,0.018,0,0,2265,62,54
ocaml/ocamldoc/odoc_class.ml/generate/compile_phrases/regalloc/cfg/cfg_irc,0.007,0,0,740,24,24
native_toplevel/opttopdirs.ml/generate/compile_phrases/regalloc/cfg/cfg_irc,0.009,0,0,1348,86,64
ocaml/ocamldoc/odoc_text_parser.ml/generate/compile_phrases/regalloc/cfg/cfg_irc,0.011,0,0,2440,15,15
ocaml/ocamldoc/odoc_text.ml/generate/compile_phrases/regalloc/cfg/cfg_irc,0.016,0,0,2124,138,109
ocaml/ocamldoc/odoc_scan.ml/generate/compile_phrases/regalloc/cfg/cfg_irc,0.013,54,0,1186,138,83
ocaml/ocamldoc/odoc_lexer.ml/generate/compile_phrases/regalloc/cfg/cfg_irc,0.030,0,0,2963,140,140
ocaml/ocamldoc/odoc_dep.ml/generate/compile_phrases/regalloc/cfg/cfg_irc,0.009,0,0,1016,73,58
ocaml/ocamldoc/odoc_ocamlhtml.ml/generate/compile_phrases/regalloc/cfg/cfg_irc,0.064,3,0,4373,342,315
ocaml/ocamldoc/odoc_name.ml/generate/compile_phrases/regalloc/cfg/cfg_irc,0.036,5,0,3632,318,251
ocaml/ocamldoc/odoc_comments.ml/generate/compile_phrases/regalloc/cfg/cfg_irc,0.023,3,0,1729,151,117
ocaml/ocamldoc/odoc_info.ml/generate/compile_phrases/regalloc/cfg/cfg_irc,0.004,0,0,686,6,6
ocaml/otherlibs/dynlink/btype.ml/generate/compile_phrases/regalloc/cfg/cfg_irc,0.068,0,0,8135,681,484
ocaml/ocamldoc/odoc_module.ml/generate/compile_phrases/regalloc/cfg/cfg_irc,0.019,0,0,2269,89,78
ocaml/lex/main_native.exe/regalloc/cfg/cfg_irc,0.028,0,0,3807,138,129
ocaml/ocamldoc/odoc_dot.ml/generate/compile_phrases/regalloc/cfg/cfg_irc,0.011,12,0,1293,138,97
ocaml/ocamldoc/odoc_str.ml/generate/compile_phrases/regalloc/cfg/cfg_irc,0.049,0,0,5064,403,366
ocaml/ocamldoc/odoc_gen.ml/generate/compile_phrases/regalloc/cfg/cfg_irc,0.005,0,0,62,2,1
ocaml/ocamldoc/odoc_messages.ml/generate/compile_phrases/regalloc/cfg/cfg_irc,0.189,58,0,10531,990,584
ocaml/ocamldoc/odoc_native.ml/generate/compile_phrases/regalloc/cfg/cfg_irc,0.006,0,0,819,40,34
ocaml/ocamldoc/odoc_analyse.ml/generate/compile_phrases/regalloc/cfg/cfg_irc,0.130,0,0,2273,149,121
ocaml/ocamldoc/odoc_test.ml/generate/compile_phrases/regalloc/cfg/cfg_irc,0.009,0,0,1301,122,75
middle_end/flambda2/from_lambda/closure_conversion.ml/generate/compile_phrases/regalloc/cfg/cfg_irc,0.743,1,0,25556,3062,2304
ocaml/ocamldoc/odoc_merge.ml/generate/compile_phrases/regalloc/cfg/cfg_irc,0.055,0,0,5880,485,349
ocaml/ocamldoc/odoc_misc.ml/generate/compile_phrases/regalloc/cfg/cfg_irc,0.166,4,0,6095,410,367
ocaml/otherlibs/dynlink/jkind.ml/generate/compile_phrases/regalloc/cfg/cfg_irc,0.131,0,0,9981,435,362
ocaml/ocamldoc/odoc_text_lexer.ml/generate/compile_phrases/regalloc/cfg/cfg_irc,0.298,226,71,6852,1089,296
native_toplevel/genprintval_native.ml/generate/compile_phrases/regalloc/cfg/cfg_irc,0.167,0,0,5108,534,379
ocaml/otherlibs/dynlink/ast_mapper.ml/generate/compile_phrases/regalloc/cfg/cfg_irc,0.082,2,4,11116,1161,630
ocaml/ocamldoc/odoc_to_text.ml/generate/compile_phrases/regalloc/cfg/cfg_irc,0.049,94,0,5647,539,358
native_toplevel/opttoploop.ml/generate/compile_phrases/regalloc/cfg/cfg_irc,0.055,1,0,4903,372,335
ocaml/ocamldoc/odoc_args.ml/generate/compile_phrases/regalloc/cfg/cfg_irc,0.014,0,0,2714,77,74
ocaml/otherlibs/dynlink/mode.ml/generate/compile_phrases/regalloc/cfg/cfg_irc,0.112,0,0,18843,1237,1042
ocaml/otherlibs/dynlink/lambda.ml/generate/compile_phrases/regalloc/cfg/cfg_irc,0.044,0,0,7887,579,486
ocaml/ocamldoc/odoc_cross.ml/generate/compile_phrases/regalloc/cfg/cfg_irc,0.055,5,0,6968,588,434
ocaml/ocamldoc/odoc_ast.ml/generate/compile_phrases/regalloc/cfg/cfg_irc,0.123,3,0,9244,1085,848
ocaml/ocamldoc/odoc_sig.ml/generate/compile_phrases/regalloc/cfg/cfg_irc,0.116,27,0,10741,1310,880
ocaml/ocamldoc/odoc_latex.ml/generate/compile_phrases/regalloc/cfg/cfg_irc,0.132,508,3,13724,2068,1065
ocaml/ocamldoc/odoc_texi.ml/generate/compile_phrases/regalloc/cfg/cfg_irc,0.129,420,0,14126,1733,929
ocaml/ocamldoc/odoc_man.ml/generate/compile_phrases/regalloc/cfg/cfg_irc,0.171,408,0,15984,2478,1169
middle_end/flambda2/simplify/simplify_binary_primitive.ml/generate/compile_phrases/regalloc/cfg/cfg_irc,0.266,132,0,35949,2859,1635
ocaml/ocamldoc/odoc_dag2html.ml/generate/compile_phrases/regalloc/cfg/cfg_irc,0.174,29,16,19153,1534,1227
ocaml/ocamldoc/odoc_search.ml/generate/compile_phrases/regalloc/cfg/cfg_irc,0.162,28,1,24027,1958,1257
ocaml/otherlibs/dynlink/env.ml/generate/compile_phrases/regalloc/cfg/cfg_irc,0.128,2,0,24014,1996,1541
ocaml/ocamldoc/odoc_html.ml/generate/compile_phrases/regalloc/cfg/cfg_irc,0.365,914,1,27017,4211,1881
ocaml/typecore.ml/generate/compile_phrases/regalloc/cfg/cfg_irc,0.676,174,1,60923,6863,3894
middle_end/flambda2/from_lambda/lambda_to_flambda_primitives.ml/generate/compile_phrases/regalloc/cfg/cfg_irc,0.427,236,3,15988,2157,522
ocaml/parser.pp.ml/generate/compile_phrases/regalloc/cfg/cfg_irc,00.487,53,0,85923,6797,5519
ocaml/pprintast.ml/generate/compile_phrases/regalloc/cfg/cfg_irc,00.201,1,0,32487,1519,1369
ocaml/tools/ocamlmklib.exe/regalloc/cfg/cfg_irc,0.046,0,0,8013,317,298
ocaml/tools/ocamlmktop.exe/regalloc/cfg/cfg_irc,0.048,0,0,8013,317,298
ocaml/tools/ocamldep.exe/regalloc/cfg/cfg_irc,0.046,0,0,8013,317,298
ocaml/main_native.exe/regalloc/cfg/cfg_irc,0.045,0,0,8013,317,298
tools/flambda_backend_objinfo.exe/regalloc/cfg/cfg_irc,0.111,33,0,13231,948,788
tools/merge_archives.exe/regalloc/cfg/cfg_irc,0.106,33,0,13231,948,788
tools/generate_cached_generic_functions.exe/regalloc/cfg/cfg_irc,0.112,33,0,13231,948,788
flambda_backend_main_native.exe/regalloc/cfg/cfg_irc,0.195,72,0,22346,1929,1626
ocaml/otherlibs/dynlink/pprintast.ml/generate/compile_phrases/regalloc/cfg/cfg_irc,00.193,1,0,32487,1519,1369
ocaml/ocamldoc/odoc_native.exe/regalloc/cfg/cfg_irc,0.044,0,0,8072,320,300
native_toplevel/opttopstart.exe/regalloc/cfg/cfg_irc,0.195,72,0,22346,1929,1626
